"ChargePeriodStartTimestamp","ChargePeriodStartDate","Metric","ProjectId","ProjectName","Charges (USD)","Usage","Formatted Usage"
"2026-02-20T08:00:00.000Z","2026-02-20","Fluid Provisioned Memory","prj_uCozI3c4jYwdJRjbEAfm6Az1sK3S","hypocrisynow",0.0003195113244444444,0.0301425778,"0.03 GB Hrs"
"2026-02-20T08:00:00.000Z","2026-02-20","Fast Data Transfer","prj_BhSNJWvzEqXbU4z4y5PVIbuZNZbL","smartinvoiceworkflow",0,0.001233743,"1.23 MB"
"2026-02-20T08:00:00.000Z","2026-02-20","Fast Data Transfer","prj_zQgUD5QXAc1OHpgyzyTlbqxvN1Ww","muffinpanrecipes",0,0.004547207,"4.55 MB"
"2026-02-20T08:00:00.000Z","2026-02-20","Fast Data Transfer","QmWZHdpQWCGv8mXgBXGjyjcLpx7cas5UX55fBZcMT3gX8j","eriksjaastad",0,0.0012306580000000001,"1.23 MB"
"2026-02-20T08:00:00.000Z","2026-02-20","Fast Data Transfer","prj_uCozI3c4jYwdJRjbEAfm6Az1sK3S","hypocrisynow",0,0.0007116920000000002,"711.69 kB"
"2026-02-20T08:00:00.000Z","2026-02-20","Fast Data Transfer","prj_IKBmThQvHBjvA3K3rURHxmSoGm8k","flo-fi",0,0.000013661999999999999,"13.66 kB"
"2026-02-20T08:00:00.000Z","2026-02-20","Edge Requests - Additional CPU Duration","prj_zQgUD5QXAc1OHpgyzyTlbqxvN1Ww","muffinpanrecipes",0.00000325,0.0000083333,"30 ms"
"2026-02-20T08:00:00.000Z","2026-02-20","Edge Requests - Additional CPU Duration","QmWZHdpQWCGv8mXgBXGjyjcLpx7cas5UX55fBZcMT3gX8j","eriksjaastad",0.000002166666666666667,0.0000055556,"20 ms"
"2026-02-20T08:00:00.000Z","2026-02-20","Fluid Active CPU","prj_uCozI3c4jYwdJRjbEAfm6Az1sK3S","hypocrisynow",0.0005162666666666667,0.0040333333,"14.52 seconds"
"2026-02-20T08:00:00.000Z","2026-02-20","Pro","","",0.7142857142857143,1,""
"2026-02-20T08:00:00.000Z","2026-02-20","Function Invocations","prj_uCozI3c4jYwdJRjbEAfm6Az1sK3S","hypocrisynow",0.6,33,"33 Invocations"
"2026-02-20T08:00:00.000Z","2026-02-20","Fast Origin Transfer","prj_uCozI3c4jYwdJRjbEAfm6Az1sK3S","hypocrisynow",0.000010240550000000001,0.00016621699999999997,"166.22 kB"
"2026-02-20T08:00:00.000Z","2026-02-20","Fast Origin Transfer","prj_IKBmThQvHBjvA3K3rURHxmSoGm8k","flo-fi",6.5148e-7,0.000010858,"10.86 kB"
"2026-02-20T08:00:00.000Z","2026-02-20","ISR Reads","prj_IKBmThQvHBjvA3K3rURHxmSoGm8k","flo-fi",8e-7,2,"2 Reads"
"2026-02-20T08:00:00.000Z","2026-02-20","Edge Requests","prj_BhSNJWvzEqXbU4z4y5PVIbuZNZbL","smartinvoiceworkflow",0,481,"481 Requests"
"2026-02-20T08:00:00.000Z","2026-02-20","Edge Requests","QmWZHdpQWCGv8mXgBXGjyjcLpx7cas5UX55fBZcMT3gX8j","eriksjaastad",0,766,"766 Requests"
"2026-02-20T08:00:00.000Z","2026-02-20","Edge Requests","prj_zQgUD5QXAc1OHpgyzyTlbqxvN1Ww","muffinpanrecipes",0,382,"382 Requests"
"2026-02-20T08:00:00.000Z","2026-02-20","Edge Requests","prj_uCozI3c4jYwdJRjbEAfm6Az1sK3S","hypocrisynow",0,211,"211 Requests"
"2026-02-20T08:00:00.000Z","2026-02-20","Edge Requests","prj_IKBmThQvHBjvA3K3rURHxmSoGm8k","flo-fi",0,6,"6 Requests"
"2026-02-21T08:00:00.000Z","2026-02-21","Speed Insights Data Points","prj_zQgUD5QXAc1OHpgyzyTlbqxvN1Ww","muffinpanrecipes",0.65,4,"4 Data Points"
"2026-02-21T08:00:00.000Z","2026-02-21","Fluid Provisioned Memory","prj_uCozI3c4jYwdJRjbEAfm6Az1sK3S","hypocrisynow",0.0001781448248888889,0.0168061156,"0.02 GB Hrs"
"2026-02-21T08:00:00.000Z","2026-02-21","Fast Data Transfer","prj_BhSNJWvzEqXbU4z4y5PVIbuZNZbL","smartinvoiceworkflow",0,0.0012259249999999997,"1.23 MB"
"2026-02-21T08:00:00.000Z","2026-02-21","Fast Data Transfer","prj_zQgUD5QXAc1OHpgyzyTlbqxvN1Ww","muffinpanrecipes",0,0.0012196029999999999,"1.22 MB"
"2026-02-21T08:00:00.000Z","2026-02-21","Fast Data Transfer","QmWZHdpQWCGv8mXgBXGjyjcLpx7cas5UX55fBZcMT3gX8j","eriksjaastad",0,0.0019079739999999998,"1.91 MB"
"2026-02-21T08:00:00.000Z","2026-02-21","Fast Data Transfer","prj_uCozI3c4jYwdJRjbEAfm6Az1sK3S","hypocrisynow",0,0.00043110999999999996,"431.11 kB"
"2026-02-21T08:00:00.000Z","2026-02-21","Edge Requests - Additional CPU Duration","prj_zQgUD5QXAc1OHpgyzyTlbqxvN1Ww","muffinpanrecipes",0.000002,0.0000055556,"20 ms"
"2026-02-21T08:00:00.000Z","2026-02-21","Edge Requests - Additional CPU Duration","prj_BhSNJWvzEqXbU4z4y5PVIbuZNZbL","smartinvoiceworkflow",0.000001916666666666666,0.0000055556,"20 ms"
"2026-02-21T08:00:00.000Z","2026-02-21","Fluid Active CPU","prj_uCozI3c4jYwdJRjbEAfm6Az1sK3S","hypocrisynow",0.00042026666666666667,0.0032833333,"11.82 seconds"
"2026-02-21T08:00:00.000Z","2026-02-21","Pro","","",0.7142857142857143,0,""
"2026-02-21T08:00:00.000Z","2026-02-21","Function Invocations","prj_uCozI3c4jYwdJRjbEAfm6Az1sK3S","hypocrisynow",0,24,"24 Invocations"
"2026-02-21T08:00:00.000Z","2026-02-21","Fast Origin Transfer","prj_uCozI3c4jYwdJRjbEAfm6Az1sK3S","hypocrisynow",0.000007829399999999998,0.00012171199999999999,"121.71 kB"
"2026-02-21T08:00:00.000Z","2026-02-21","Edge Requests","prj_BhSNJWvzEqXbU4z4y5PVIbuZNZbL","smartinvoiceworkflow",0,479,"479 Requests"
"2026-02-21T08:00:00.000Z","2026-02-21","Edge Requests","QmWZHdpQWCGv8mXgBXGjyjcLpx7cas5UX55fBZcMT3gX8j","eriksjaastad",0,1184,"1,184 Requests"
"2026-02-21T08:00:00.000Z","2026-02-21","Edge Requests","prj_zQgUD5QXAc1OHpgyzyTlbqxvN1Ww","muffinpanrecipes",0,203,"203 Requests"
"2026-02-21T08:00:00.000Z","2026-02-21","Edge Requests","prj_uCozI3c4jYwdJRjbEAfm6Az1sK3S","hypocrisynow",0,130,"130 Requests"
"2026-02-22T08:00:00.000Z","2026-02-22","Speed Insights Data Points","prj_zQgUD5QXAc1OHpgyzyTlbqxvN1Ww","muffinpanrecipes",0,11,"11 Data Points"
"2026-02-22T08:00:00.000Z","2026-02-22","Fluid Provisioned Memory","prj_uCozI3c4jYwdJRjbEAfm6Az1sK3S","hypocrisynow",0.00013591517866666668,0.012822186703577878,"0.01 GB Hrs"
"2026-02-22T08:00:00.000Z","2026-02-22","Fluid Provisioned Memory","prj_rwdkDiGpkJkhISrPQA5DcveawN09","smart-invoice-workflow",0.00002773902222222222,0.002616888896422123,"0 GB Hrs"
"2026-02-22T08:00:00.000Z","2026-02-22","Fast Data Transfer","prj_rwdkDiGpkJkhISrPQA5DcveawN09","smart-invoice-workflow",0,0.006897935,"6.9 MB"
"2026-02-22T08:00:00.000Z","2026-02-22","Fast Data Transfer","prj_BhSNJWvzEqXbU4z4y5PVIbuZNZbL","smartinvoiceworkflow",0,0.0013198329999999996,"1.32 MB"
"2026-02-22T08:00:00.000Z","2026-02-22","Fast Data Transfer","prj_zQgUD5QXAc1OHpgyzyTlbqxvN1Ww","muffinpanrecipes",0,0.005141946,"5.14 MB"
"2026-02-22T08:00:00.000Z","2026-02-22","Fast Data Transfer","QmWZHdpQWCGv8mXgBXGjyjcLpx7cas5UX55fBZcMT3gX8j","eriksjaastad",0,0.0022974669999999997,"2.3 MB"
"2026-02-22T08:00:00.000Z","2026-02-22","Fast Data Transfer","prj_uCozI3c4jYwdJRjbEAfm6Az1sK3S","hypocrisynow",0,0.00062644,"626.44 kB"
"2026-02-22T08:00:00.000Z","2026-02-22","Fast Data Transfer","prj_IKBmThQvHBjvA3K3rURHxmSoGm8k","flo-fi",0,0.000011763,"11.76 kB"
"2026-02-22T08:00:00.000Z","2026-02-22","Edge Requests - Additional CPU Duration","QmWZHdpQWCGv8mXgBXGjyjcLpx7cas5UX55fBZcMT3gX8j","eriksjaastad",0.000006333333333333334,0.0000166668,"60 ms"
"2026-02-22T08:00:00.000Z","2026-02-22","Edge Requests - Additional CPU Duration","prj_BhSNJWvzEqXbU4z4y5PVIbuZNZbL","smartinvoiceworkflow",0.000003916666666666667,0.0000111111,"40 ms"
"2026-02-22T08:00:00.000Z","2026-02-22","Fluid Active CPU","prj_uCozI3c4jYwdJRjbEAfm6Az1sK3S","hypocrisynow",0.00033884444444444445,0.002647222211569417,"9.53 seconds"
"2026-02-22T08:00:00.000Z","2026-02-22","Fluid Active CPU","prj_rwdkDiGpkJkhISrPQA5DcveawN09","smart-invoice-workflow",0.000014577777777777778,0.0001138888884305835,"410 ms"
"2026-02-22T08:00:00.000Z","2026-02-22","Pro","","",0.7142857142857143,0,""
"2026-02-22T08:00:00.000Z","2026-02-22","Function Invocations","prj_uCozI3c4jYwdJRjbEAfm6Az1sK3S","hypocrisynow",0,16,"16 Invocations"
"2026-02-22T08:00:00.000Z","2026-02-22","Function Invocations","prj_rwdkDiGpkJkhISrPQA5DcveawN09","smart-invoice-workflow",0,9,"9 Invocations"
"2026-02-22T08:00:00.000Z","2026-02-22","Fast Origin Transfer","prj_uCozI3c4jYwdJRjbEAfm6Az1sK3S","hypocrisynow",0.00000554334,0.000083975,"83.98 kB"
"2026-02-22T08:00:00.000Z","2026-02-22","Fast Origin Transfer","prj_IKBmThQvHBjvA3K3rURHxmSoGm8k","flo-fi",3.2574e-7,0.000005429,"5.43 kB"
"2026-02-22T08:00:00.000Z","2026-02-22","Fast Origin Transfer","prj_rwdkDiGpkJkhISrPQA5DcveawN09","smart-invoice-workflow",8.922e-8,0.000001487,"1.49 kB"
"2026-02-22T08:00:00.000Z","2026-02-22","ISR Reads","prj_IKBmThQvHBjvA3K3rURHxmSoGm8k","flo-fi",4e-7,1,"1 Read"
"2026-02-22T08:00:00.000Z","2026-02-22","Build Minutes","prj_rwdkDiGpkJkhISrPQA5DcveawN09","smart-invoice-workflow",0.63,5,"5 minutes"
"2026-02-22T08:00:00.000Z","2026-02-22","Edge Requests","prj_BhSNJWvzEqXbU4z4y5PVIbuZNZbL","smartinvoiceworkflow",0,524,"524 Requests"
"2026-02-22T08:00:00.000Z","2026-02-22","Edge Requests","prj_rwdkDiGpkJkhISrPQA5DcveawN09","smart-invoice-workflow",0,30.999999999999996,"31 Requests"
"2026-02-22T08:00:00.000Z","2026-02-22","Edge Requests","QmWZHdpQWCGv8mXgBXGjyjcLpx7cas5UX55fBZcMT3gX8j","eriksjaastad",0,1493,"1,493 Requests"
"2026-02-22T08:00:00.000Z","2026-02-22","Edge Requests","prj_zQgUD5QXAc1OHpgyzyTlbqxvN1Ww","muffinpanrecipes",0,452,"452 Requests"
"2026-02-22T08:00:00.000Z","2026-02-22","Edge Requests","prj_uCozI3c4jYwdJRjbEAfm6Az1sK3S","hypocrisynow",0,184,"184 Requests"
"2026-02-22T08:00:00.000Z","2026-02-22","Edge Requests","prj_IKBmThQvHBjvA3K3rURHxmSoGm8k","flo-fi",0,3.9999999999999996,"4 Requests"
"2026-02-23T08:00:00.000Z","2026-02-23","Fluid Provisioned Memory","prj_uCozI3c4jYwdJRjbEAfm6Az1sK3S","hypocrisynow",0.00019353998222222224,0.0182584889,"0.02 GB Hrs"
"2026-02-23T08:00:00.000Z","2026-02-23","Fast Data Transfer","prj_BhSNJWvzEqXbU4z4y5PVIbuZNZbL","smartinvoiceworkflow",0,0.001038173,"1.04 MB"
"2026-02-23T08:00:00.000Z","2026-02-23","Fast Data Transfer","prj_zQgUD5QXAc1OHpgyzyTlbqxvN1Ww","muffinpanrecipes",0,0.010370131,"10.37 MB"
"2026-02-23T08:00:00.000Z","2026-02-23","Fast Data Transfer","QmWZHdpQWCGv8mXgBXGjyjcLpx7cas5UX55fBZcMT3gX8j","eriksjaastad",0,0.0019358880000000002,"1.94 MB"
"2026-02-23T08:00:00.000Z","2026-02-23","Fast Data Transfer","prj_uCozI3c4jYwdJRjbEAfm6Az1sK3S","hypocrisynow",0,0.0008753399999999998,"875.34 kB"
"2026-02-23T08:00:00.000Z","2026-02-23","Edge Requests - Additional CPU Duration","prj_zQgUD5QXAc1OHpgyzyTlbqxvN1Ww","muffinpanrecipes",0.0000021666666666666665,0.000005555533333333333,"20 ms"
"2026-02-23T08:00:00.000Z","2026-02-23","Edge Requests - Additional CPU Duration","QmWZHdpQWCGv8mXgBXGjyjcLpx7cas5UX55fBZcMT3gX8j","eriksjaastad",0.000003000000000000001,0.000008333366666666667,"30 ms"
"2026-02-23T08:00:00.000Z","2026-02-23","Edge Requests - Additional CPU Duration","prj_uCozI3c4jYwdJRjbEAfm6Az1sK3S","hypocrisynow",0.000001083333333333334,0.0000027778,"10 ms"
"2026-02-23T08:00:00.000Z","2026-02-23","Edge Requests - Additional CPU Duration","prj_BhSNJWvzEqXbU4z4y5PVIbuZNZbL","smartinvoiceworkflow",0.0000017500000000000006,0.0000055556,"20 ms"
"2026-02-23T08:00:00.000Z","2026-02-23","Fluid Active CPU","prj_uCozI3c4jYwdJRjbEAfm6Az1sK3S","hypocrisynow",0.0004405333333333333,0.0034416667,"12.39 seconds"
"2026-02-23T08:00:00.000Z","2026-02-23","Pro","","",0.7142857142857143,0,""
"2026-02-23T08:00:00.000Z","2026-02-23","Function Invocations","prj_uCozI3c4jYwdJRjbEAfm6Az1sK3S","hypocrisynow",0,29,"29 Invocations"
"2026-02-23T08:00:00.000Z","2026-02-23","Fast Origin Transfer","prj_uCozI3c4jYwdJRjbEAfm6Az1sK3S","hypocrisynow",0.000009042720000000002,0.00013727200000000002,"137.27 kB"
"2026-02-23T08:00:00.000Z","2026-02-23","Edge Requests","prj_BhSNJWvzEqXbU4z4y5PVIbuZNZbL","smartinvoiceworkflow",0,414,"414 Requests"
"2026-02-23T08:00:00.000Z","2026-02-23","Edge Requests","QmWZHdpQWCGv8mXgBXGjyjcLpx7cas5UX55fBZcMT3gX8j","eriksjaastad",0,1329,"1,329 Requests"
"2026-02-23T08:00:00.000Z","2026-02-23","Edge Requests","prj_zQgUD5QXAc1OHpgyzyTlbqxvN1Ww","muffinpanrecipes",0,858,"858 Requests"
"2026-02-23T08:00:00.000Z","2026-02-23","Edge Requests","prj_uCozI3c4jYwdJRjbEAfm6Az1sK3S","hypocrisynow",0,232,"232 Requests"
"2026-02-24T08:00:00.000Z","2026-02-24","Fluid Provisioned Memory","prj_uCozI3c4jYwdJRjbEAfm6Az1sK3S","hypocrisynow",0.00019569277155555558,0.0184615822,"0.02 GB Hrs"
"2026-02-24T08:00:00.000Z","2026-02-24","Fast Data Transfer","prj_BhSNJWvzEqXbU4z4y5PVIbuZNZbL","smartinvoiceworkflow",0,0.0009331350000000003,"933.14 kB"
"2026-02-24T08:00:00.000Z","2026-02-24","Fast Data Transfer","prj_zQgUD5QXAc1OHpgyzyTlbqxvN1Ww","muffinpanrecipes",0,0.0011495849999999998,"1.15 MB"
"2026-02-24T08:00:00.000Z","2026-02-24","Fast Data Transfer","QmWZHdpQWCGv8mXgBXGjyjcLpx7cas5UX55fBZcMT3gX8j","eriksjaastad",0,0.0017739329999999999,"1.77 MB"
"2026-02-24T08:00:00.000Z","2026-02-24","Fast Data Transfer","prj_uCozI3c4jYwdJRjbEAfm6Az1sK3S","hypocrisynow",0,0.001356851,"1.36 MB"
"2026-02-24T08:00:00.000Z","2026-02-24","Edge Requests - Additional CPU Duration","QmWZHdpQWCGv8mXgBXGjyjcLpx7cas5UX55fBZcMT3gX8j","eriksjaastad",0.0000062499999999999995,0.000016666677777777776,"60 ms"
"2026-02-24T08:00:00.000Z","2026-02-24","Edge Requests - Additional CPU Duration","prj_uCozI3c4jYwdJRjbEAfm6Az1sK3S","hypocrisynow",0.000002,0.0000055556,"20 ms"
"2026-02-24T08:00:00.000Z","2026-02-24","Edge Requests - Additional CPU Duration","prj_BhSNJWvzEqXbU4z4y5PVIbuZNZbL","smartinvoiceworkflow",0.000007333333333333333,0.000022222222222222223,"80 ms"
"2026-02-24T08:00:00.000Z","2026-02-24","Fluid Active CPU","prj_uCozI3c4jYwdJRjbEAfm6Az1sK3S","hypocrisynow",0.000432,0.003375,"12.15 seconds"
"2026-02-24T08:00:00.000Z","2026-02-24","Pro","","",0.7142857142857143,0,""
"2026-02-24T08:00:00.000Z","2026-02-24","Function Invocations","prj_uCozI3c4jYwdJRjbEAfm6Az1sK3S","hypocrisynow",0,29,"29 Invocations"
"2026-02-24T08:00:00.000Z","2026-02-24","Fast Origin Transfer","prj_uCozI3c4jYwdJRjbEAfm6Az1sK3S","hypocrisynow",0.000008652599999999999,0.00013749700000000002,"137.5 kB"
"2026-02-24T08:00:00.000Z","2026-02-24","Edge Requests","prj_BhSNJWvzEqXbU4z4y5PVIbuZNZbL","smartinvoiceworkflow",0,392,"392 Requests"
"2026-02-24T08:00:00.000Z","2026-02-24","Edge Requests","QmWZHdpQWCGv8mXgBXGjyjcLpx7cas5UX55fBZcMT3gX8j","eriksjaastad",0,1042,"1,042 Requests"
"2026-02-24T08:00:00.000Z","2026-02-24","Edge Requests","prj_zQgUD5QXAc1OHpgyzyTlbqxvN1Ww","muffinpanrecipes",0,205,"205 Requests"
"2026-02-24T08:00:00.000Z","2026-02-24","Edge Requests","prj_uCozI3c4jYwdJRjbEAfm6Az1sK3S","hypocrisynow",0,404,"404 Requests"
"2026-02-25T08:00:00.000Z","2026-02-25","Speed Insights Data Points","prj_zQgUD5QXAc1OHpgyzyTlbqxvN1Ww","muffinpanrecipes",0,15,"15 Data Points"
"2026-02-25T08:00:00.000Z","2026-02-25","Fluid Provisioned Memory","prj_uCozI3c4jYwdJRjbEAfm6Az1sK3S","hypocrisynow",0.0001505264071111111,0.0142006044,"0.01 GB Hrs"
"2026-02-25T08:00:00.000Z","2026-02-25","Fast Data Transfer","prj_rwdkDiGpkJkhISrPQA5DcveawN09","smart-invoice-workflow",0,0.00008529599999999999,"85.3 kB"
"2026-02-25T08:00:00.000Z","2026-02-25","Fast Data Transfer","prj_BhSNJWvzEqXbU4z4y5PVIbuZNZbL","smartinvoiceworkflow",0,0.000850088,"850.09 kB"
"2026-02-25T08:00:00.000Z","2026-02-25","Fast Data Transfer","prj_zQgUD5QXAc1OHpgyzyTlbqxvN1Ww","muffinpanrecipes",0,0.008110739,"8.11 MB"
"2026-02-25T08:00:00.000Z","2026-02-25","Fast Data Transfer","QmWZHdpQWCGv8mXgBXGjyjcLpx7cas5UX55fBZcMT3gX8j","eriksjaastad",0,0.0017077729999999997,"1.71 MB"
"2026-02-25T08:00:00.000Z","2026-02-25","Fast Data Transfer","prj_uCozI3c4jYwdJRjbEAfm6Az1sK3S","hypocrisynow",0,0.000092423,"92.42 kB"
"2026-02-25T08:00:00.000Z","2026-02-25","Fast Data Transfer","prj_IKBmThQvHBjvA3K3rURHxmSoGm8k","flo-fi",0,0.000013652999999999998,"13.65 kB"
"2026-02-25T08:00:00.000Z","2026-02-25","Edge Requests - Additional CPU Duration","prj_zQgUD5QXAc1OHpgyzyTlbqxvN1Ww","muffinpanrecipes",0.000001083333333333333,0.0000027778,"10 ms"
"2026-02-25T08:00:00.000Z","2026-02-25","Edge Requests - Additional CPU Duration","QmWZHdpQWCGv8mXgBXGjyjcLpx7cas5UX55fBZcMT3gX8j","eriksjaastad",0.0000065000000000000004,0.0000194445,"70 ms"
"2026-02-25T08:00:00.000Z","2026-02-25","Edge Requests - Additional CPU Duration","prj_BhSNJWvzEqXbU4z4y5PVIbuZNZbL","smartinvoiceworkflow",0.000004583333333333333,0.0000138889,"50 ms"
"2026-02-25T08:00:00.000Z","2026-02-25","Fluid Active CPU","prj_uCozI3c4jYwdJRjbEAfm6Az1sK3S","hypocrisynow",0.00034346666666666665,0.0026833333,"9.66 seconds"
"2026-02-25T08:00:00.000Z","2026-02-25","Pro","","",0.7142857142857143,0,""
"2026-02-25T08:00:00.000Z","2026-02-25","Function Invocations","prj_uCozI3c4jYwdJRjbEAfm6Az1sK3S","hypocrisynow",0,17,"17 Invocations"
"2026-02-25T08:00:00.000Z","2026-02-25","Fast Origin Transfer","prj_uCozI3c4jYwdJRjbEAfm6Az1sK3S","hypocrisynow",0.00000552918,0.00008543299999999998,"85.43 kB"
"2026-02-25T08:00:00.000Z","2026-02-25","Fast Origin Transfer","prj_IKBmThQvHBjvA3K3rURHxmSoGm8k","flo-fi",6.702e-7,0.00001117,"11.17 kB"
"2026-02-25T08:00:00.000Z","2026-02-25","ISR Reads","prj_IKBmThQvHBjvA3K3rURHxmSoGm8k","flo-fi",8e-7,2,"2 Reads"
"2026-02-25T08:00:00.000Z","2026-02-25","Build Minutes","prj_zQgUD5QXAc1OHpgyzyTlbqxvN1Ww","muffinpanrecipes",3.15,25,"25 minutes"
"2026-02-25T08:00:00.000Z","2026-02-25","Edge Requests","prj_BhSNJWvzEqXbU4z4y5PVIbuZNZbL","smartinvoiceworkflow",0,346,"346 Requests"
"2026-02-25T08:00:00.000Z","2026-02-25","Edge Requests","prj_rwdkDiGpkJkhISrPQA5DcveawN09","smart-invoice-workflow",0,12,"12 Requests"
"2026-02-25T08:00:00.000Z","2026-02-25","Edge Requests","QmWZHdpQWCGv8mXgBXGjyjcLpx7cas5UX55fBZcMT3gX8j","eriksjaastad",0,1058,"1,058 Requests"
"2026-02-25T08:00:00.000Z","2026-02-25","Edge Requests","prj_zQgUD5QXAc1OHpgyzyTlbqxvN1Ww","muffinpanrecipes",0,427,"427 Requests"
"2026-02-25T08:00:00.000Z","2026-02-25","Edge Requests","prj_uCozI3c4jYwdJRjbEAfm6Az1sK3S","hypocrisynow",0,24,"24 Requests"
"2026-02-25T08:00:00.000Z","2026-02-25","Edge Requests","prj_IKBmThQvHBjvA3K3rURHxmSoGm8k","flo-fi",0,6,"6 Requests"
"2026-02-26T08:00:00.000Z","2026-02-26","Fluid Provisioned Memory","prj_uCozI3c4jYwdJRjbEAfm6Az1sK3S","hypocrisynow",0.00017307943822222224,0.0163282489,"0.02 GB Hrs"
"2026-02-26T08:00:00.000Z","2026-02-26","Fast Data Transfer","prj_BhSNJWvzEqXbU4z4y5PVIbuZNZbL","smartinvoiceworkflow",0,0.0008628790570773302,"862.88 kB"
"2026-02-26T08:00:00.000Z","2026-02-26","Fast Data Transfer","prj_zQgUD5QXAc1OHpgyzyTlbqxvN1Ww","muffinpanrecipes",0,0.0013273049779203073,"1.33 MB"
"2026-02-26T08:00:00.000Z","2026-02-26","Fast Data Transfer","QmWZHdpQWCGv8mXgBXGjyjcLpx7cas5UX55fBZcMT3gX8j","eriksjaastad",0,0.0013725216710709673,"1.37 MB"
"2026-02-26T08:00:00.000Z","2026-02-26","Fast Data Transfer","prj_uCozI3c4jYwdJRjbEAfm6Az1sK3S","hypocrisynow",0,0.0007234332939313953,"723.43 kB"
"2026-02-26T08:00:00.000Z","2026-02-26","Edge Requests - Additional CPU Duration","QmWZHdpQWCGv8mXgBXGjyjcLpx7cas5UX55fBZcMT3gX8j","eriksjaastad",0.000004083333333333333,0.0000111111,"40 ms"
"2026-02-26T08:00:00.000Z","2026-02-26","Edge Requests - Additional CPU Duration","prj_BhSNJWvzEqXbU4z4y5PVIbuZNZbL","smartinvoiceworkflow",0.000001833333333333334,0.0000055556,"20 ms"
"2026-02-26T08:00:00.000Z","2026-02-26","Fluid Active CPU","prj_uCozI3c4jYwdJRjbEAfm6Az1sK3S","hypocrisynow",0.0003957333333333333,0.0030916667,"11.13 seconds"
"2026-02-26T08:00:00.000Z","2026-02-26","Pro","","",0.7142857142857143,0,""
"2026-02-26T08:00:00.000Z","2026-02-26","Function Invocations","prj_uCozI3c4jYwdJRjbEAfm6Az1sK3S","hypocrisynow",0,22,"22 Invocations"
"2026-02-26T08:00:00.000Z","2026-02-26","Fast Origin Transfer","prj_uCozI3c4jYwdJRjbEAfm6Az1sK3S","hypocrisynow",0.000007090440000000001,0.000106092,"106.09 kB"
"2026-02-26T08:00:00.000Z","2026-02-26","Edge Requests","prj_BhSNJWvzEqXbU4z4y5PVIbuZNZbL","smartinvoiceworkflow",0,356,"356 Requests"
"2026-02-26T08:00:00.000Z","2026-02-26","Edge Requests","QmWZHdpQWCGv8mXgBXGjyjcLpx7cas5UX55fBZcMT3gX8j","eriksjaastad",0,783,"783 Requests"
"2026-02-26T08:00:00.000Z","2026-02-26","Edge Requests","prj_zQgUD5QXAc1OHpgyzyTlbqxvN1Ww","muffinpanrecipes",0,246,"246 Requests"
"2026-02-26T08:00:00.000Z","2026-02-26","Edge Requests","prj_uCozI3c4jYwdJRjbEAfm6Az1sK3S","hypocrisynow",0,75,"75 Requests"
"2026-02-27T08:00:00.000Z","2026-02-27","Fluid Provisioned Memory","prj_uCozI3c4jYwdJRjbEAfm6Az1sK3S","hypocrisynow",0.0001849288248888889,0.0174461156,"0.02 GB Hrs"
"2026-02-27T08:00:00.000Z","2026-02-27","Fast Data Transfer","prj_rwdkDiGpkJkhISrPQA5DcveawN09","smart-invoice-workflow",0,0.0035662490000000005,"3.57 MB"
"2026-02-27T08:00:00.000Z","2026-02-27","Fast Data Transfer","prj_BhSNJWvzEqXbU4z4y5PVIbuZNZbL","smartinvoiceworkflow",0,0.0008935130000000002,"893.51 kB"
"2026-02-27T08:00:00.000Z","2026-02-27","Fast Data Transfer","prj_zQgUD5QXAc1OHpgyzyTlbqxvN1Ww","muffinpanrecipes",0,0.0056990470000000005,"5.7 MB"
"2026-02-27T08:00:00.000Z","2026-02-27","Fast Data Transfer","QmWZHdpQWCGv8mXgBXGjyjcLpx7cas5UX55fBZcMT3gX8j","eriksjaastad",0,0.000809429,"809.43 kB"
"2026-02-27T08:00:00.000Z","2026-02-27","Fast Data Transfer","prj_uCozI3c4jYwdJRjbEAfm6Az1sK3S","hypocrisynow",0,0.00017356700000000001,"173.57 kB"
"2026-02-27T08:00:00.000Z","2026-02-27","Fast Data Transfer","prj_IKBmThQvHBjvA3K3rURHxmSoGm8k","flo-fi",0,0.000011775,"11.78 kB"
"2026-02-27T08:00:00.000Z","2026-02-27","Edge Requests - Additional CPU Duration","prj_zQgUD5QXAc1OHpgyzyTlbqxvN1Ww","muffinpanrecipes",0.000003166666666666667,0.0000083334,"30 ms"
"2026-02-27T08:00:00.000Z","2026-02-27","Edge Requests - Additional CPU Duration","QmWZHdpQWCGv8mXgBXGjyjcLpx7cas5UX55fBZcMT3gX8j","eriksjaastad",0.000001666666666666666,0.0000055556,"20 ms"
"2026-02-27T08:00:00.000Z","2026-02-27","Edge Requests - Additional CPU Duration","prj_BhSNJWvzEqXbU4z4y5PVIbuZNZbL","smartinvoiceworkflow",0.000002166666666666667,0.0000055556,"20 ms"
"2026-02-27T08:00:00.000Z","2026-02-27","Fluid Active CPU","prj_uCozI3c4jYwdJRjbEAfm6Az1sK3S","hypocrisynow",0.00044017777777777777,0.0034388889,"12.38 seconds"
"2026-02-27T08:00:00.000Z","2026-02-27","Pro","","",0.7142857142857143,0,""
"2026-02-27T08:00:00.000Z","2026-02-27","Function Invocations","prj_uCozI3c4jYwdJRjbEAfm6Az1sK3S","hypocrisynow",0,25,"25 Invocations"
"2026-02-27T08:00:00.000Z","2026-02-27","Fast Origin Transfer","prj_uCozI3c4jYwdJRjbEAfm6Az1sK3S","hypocrisynow",0.000007468740000000001,0.00011216299999999999,"112.16 kB"
"2026-02-27T08:00:00.000Z","2026-02-27","Fast Origin Transfer","prj_IKBmThQvHBjvA3K3rURHxmSoGm8k","flo-fi",3.2574e-7,0.000005429,"5.43 kB"
"2026-02-27T08:00:00.000Z","2026-02-27","ISR Reads","prj_IKBmThQvHBjvA3K3rURHxmSoGm8k","flo-fi",4e-7,1,"1 Read"
"2026-02-27T08:00:00.000Z","2026-02-27","Build Minutes","prj_rwdkDiGpkJkhISrPQA5DcveawN09","smart-invoice-workflow",0.126,1,"1 minute"
"2026-02-27T08:00:00.000Z","2026-02-27","Build Minutes","prj_BhSNJWvzEqXbU4z4y5PVIbuZNZbL","smartinvoiceworkflow",0.126,1,"1 minute"
"2026-02-27T08:00:00.000Z","2026-02-27","Edge Requests","prj_BhSNJWvzEqXbU4z4y5PVIbuZNZbL","smartinvoiceworkflow",0,366,"366 Requests"
"2026-02-27T08:00:00.000Z","2026-02-27","Edge Requests","prj_rwdkDiGpkJkhISrPQA5DcveawN09","smart-invoice-workflow",0,30.999999999999996,"31 Requests"
"2026-02-27T08:00:00.000Z","2026-02-27","Edge Requests","QmWZHdpQWCGv8mXgBXGjyjcLpx7cas5UX55fBZcMT3gX8j","eriksjaastad",0,365,"365 Requests"
"2026-02-27T08:00:00.000Z","2026-02-27","Edge Requests","prj_zQgUD5QXAc1OHpgyzyTlbqxvN1Ww","muffinpanrecipes",0,481,"481 Requests"
"2026-02-27T08:00:00.000Z","2026-02-27","Edge Requests","prj_uCozI3c4jYwdJRjbEAfm6Az1sK3S","hypocrisynow",0,52,"52 Requests"
"2026-02-27T08:00:00.000Z","2026-02-27","Edge Requests","prj_IKBmThQvHBjvA3K3rURHxmSoGm8k","flo-fi",0,4,"4 Requests"
"2026-02-28T08:00:00.000Z","2026-02-28","Speed Insights Data Points","prj_zQgUD5QXAc1OHpgyzyTlbqxvN1Ww","muffinpanrecipes",0,8,"8 Data Points"
"2026-02-28T08:00:00.000Z","2026-02-28","Fluid Provisioned Memory","prj_uCozI3c4jYwdJRjbEAfm6Az1sK3S","hypocrisynow",0.00017432166400000002,0.016445440029812512,"0.02 GB Hrs"
"2026-02-28T08:00:00.000Z","2026-02-28","Fluid Provisioned Memory","prj_rwdkDiGpkJkhISrPQA5DcveawN09","smart-invoice-workflow",0.000020587178666666668,0.0019421866701874884,"0 GB Hrs"
"2026-02-28T08:00:00.000Z","2026-02-28","Fast Data Transfer","prj_rwdkDiGpkJkhISrPQA5DcveawN09","smart-invoice-workflow",0,0.005574205999999999,"5.57 MB"
"2026-02-28T08:00:00.000Z","2026-02-28","Fast Data Transfer","prj_BhSNJWvzEqXbU4z4y5PVIbuZNZbL","smartinvoiceworkflow",0,0.000368907,"368.91 kB"
"2026-02-28T08:00:00.000Z","2026-02-28","Fast Data Transfer","prj_zQgUD5QXAc1OHpgyzyTlbqxvN1Ww","muffinpanrecipes",0,0.002658413,"2.66 MB"
"2026-02-28T08:00:00.000Z","2026-02-28","Fast Data Transfer","QmWZHdpQWCGv8mXgBXGjyjcLpx7cas5UX55fBZcMT3gX8j","eriksjaastad",0,0.001563428,"1.56 MB"
"2026-02-28T08:00:00.000Z","2026-02-28","Fast Data Transfer","prj_uCozI3c4jYwdJRjbEAfm6Az1sK3S","hypocrisynow",0,0.000283707,"283.71 kB"
"2026-02-28T08:00:00.000Z","2026-02-28","Edge Requests - Additional CPU Duration","prj_zQgUD5QXAc1OHpgyzyTlbqxvN1Ww","muffinpanrecipes",0.000002,0.0000055556,"20 ms"
"2026-02-28T08:00:00.000Z","2026-02-28","Edge Requests - Additional CPU Duration","QmWZHdpQWCGv8mXgBXGjyjcLpx7cas5UX55fBZcMT3gX8j","eriksjaastad",0.000001,0.0000027778,"10 ms"
"2026-02-28T08:00:00.000Z","2026-02-28","Edge Requests - Additional CPU Duration","prj_rwdkDiGpkJkhISrPQA5DcveawN09","smart-invoice-workflow",0.0000037499999999999997,0.000011111139999999999,"40 ms"
"2026-02-28T08:00:00.000Z","2026-02-28","Edge Requests - Additional CPU Duration","prj_BhSNJWvzEqXbU4z4y5PVIbuZNZbL","smartinvoiceworkflow",0.0000018333333333333333,0.00000555556,"20 ms"
"2026-02-28T08:00:00.000Z","2026-02-28","Fluid Active CPU","prj_uCozI3c4jYwdJRjbEAfm6Az1sK3S","hypocrisynow",0.0004071111111111112,0.0031805555656847138,"11.45 seconds"
"2026-02-28T08:00:00.000Z","2026-02-28","Fluid Active CPU","prj_rwdkDiGpkJkhISrPQA5DcveawN09","smart-invoice-workflow",0.000039466666666666666,0.0003083333343152866,"1.11 seconds"
"2026-02-28T08:00:00.000Z","2026-02-28","Pro","","",0.7142857142857143,0,""
"2026-02-28T08:00:00.000Z","2026-02-28","Function Invocations","prj_uCozI3c4jYwdJRjbEAfm6Az1sK3S","hypocrisynow",0,22,"22 Invocations"
"2026-02-28T08:00:00.000Z","2026-02-28","Function Invocations","prj_rwdkDiGpkJkhISrPQA5DcveawN09","smart-invoice-workflow",0,26.999999999999996,"27 Invocations"
"2026-02-28T08:00:00.000Z","2026-02-28","Fast Origin Transfer","prj_uCozI3c4jYwdJRjbEAfm6Az1sK3S","hypocrisynow",0.00000743754,0.00011554499999999999,"115.54 kB"
"2026-02-28T08:00:00.000Z","2026-02-28","Fast Origin Transfer","prj_rwdkDiGpkJkhISrPQA5DcveawN09","smart-invoice-workflow",0.0000017750400000000002,0.000029584,"29.58 kB"
"2026-02-28T08:00:00.000Z","2026-02-28","Build Minutes","prj_rwdkDiGpkJkhISrPQA5DcveawN09","smart-invoice-workflow",0.252,2,"2 minutes"
"2026-02-28T08:00:00.000Z","2026-02-28","Build Minutes","prj_BhSNJWvzEqXbU4z4y5PVIbuZNZbL","smartinvoiceworkflow",0.126,1,"1 minute"
"2026-02-28T08:00:00.000Z","2026-02-28","Edge Requests","prj_BhSNJWvzEqXbU4z4y5PVIbuZNZbL","smartinvoiceworkflow",0,149,"149 Requests"
"2026-02-28T08:00:00.000Z","2026-02-28","Edge Requests","prj_rwdkDiGpkJkhISrPQA5DcveawN09","smart-invoice-workflow",0,238,"238 Requests"
"2026-02-28T08:00:00.000Z","2026-02-28","Edge Requests","QmWZHdpQWCGv8mXgBXGjyjcLpx7cas5UX55fBZcMT3gX8j","eriksjaastad",0,452,"452 Requests"
"2026-02-28T08:00:00.000Z","2026-02-28","Edge Requests","prj_zQgUD5QXAc1OHpgyzyTlbqxvN1Ww","muffinpanrecipes",0,287,"287 Requests"
"2026-02-28T08:00:00.000Z","2026-02-28","Edge Requests","prj_uCozI3c4jYwdJRjbEAfm6Az1sK3S","hypocrisynow",0,74,"74 Requests"
"2026-03-01T08:00:00.000Z","2026-03-01","Speed Insights Data Points","prj_zQgUD5QXAc1OHpgyzyTlbqxvN1Ww","muffinpanrecipes",0,20,"20 Data Points"
"2026-03-01T08:00:00.000Z","2026-03-01","Fluid Provisioned Memory","prj_zQgUD5QXAc1OHpgyzyTlbqxvN1Ww","muffinpanrecipes",0.00013735037155555556,0.012957582217464942,"0.01 GB Hrs"
"2026-03-01T08:00:00.000Z","2026-03-01","Fluid Provisioned Memory","prj_uCozI3c4jYwdJRjbEAfm6Az1sK3S","hypocrisynow",0.00014906709333333332,0.014062933328170232,"0.01 GB Hrs"
"2026-03-01T08:00:00.000Z","2026-03-01","Fluid Provisioned Memory","prj_rwdkDiGpkJkhISrPQA5DcveawN09","smart-invoice-workflow",0.00003437829688888889,0.0032432355543648254,"0 GB Hrs"
"2026-03-01T08:00:00.000Z","2026-03-01","Fast Data Transfer","prj_rwdkDiGpkJkhISrPQA5DcveawN09","smart-invoice-workflow",0,0.018875661000000002,"18.88 MB"
"2026-03-01T08:00:00.000Z","2026-03-01","Fast Data Transfer","prj_zQgUD5QXAc1OHpgyzyTlbqxvN1Ww","muffinpanrecipes",0,0.017016542,"17.02 MB"
"2026-03-01T08:00:00.000Z","2026-03-01","Fast Data Transfer","QmWZHdpQWCGv8mXgBXGjyjcLpx7cas5UX55fBZcMT3gX8j","eriksjaastad",0,0.0012411100000000001,"1.24 MB"
"2026-03-01T08:00:00.000Z","2026-03-01","Fast Data Transfer","prj_uCozI3c4jYwdJRjbEAfm6Az1sK3S","hypocrisynow",0,0.0009213079999999999,"921.31 kB"
"2026-03-01T08:00:00.000Z","2026-03-01","Edge Requests - Additional CPU Duration","prj_zQgUD5QXAc1OHpgyzyTlbqxvN1Ww","muffinpanrecipes",0.000002083333333333334,0.0000055556,"20 ms"
"2026-03-01T08:00:00.000Z","2026-03-01","Edge Requests - Additional CPU Duration","QmWZHdpQWCGv8mXgBXGjyjcLpx7cas5UX55fBZcMT3gX8j","eriksjaastad",0.000003166666666666667,0.0000083334,"30 ms"
"2026-03-01T08:00:00.000Z","2026-03-01","Edge Requests - Additional CPU Duration","prj_uCozI3c4jYwdJRjbEAfm6Az1sK3S","hypocrisynow",0.000001083333333333334,0.0000027778,"10 ms"
"2026-03-01T08:00:00.000Z","2026-03-01","Edge Requests - Additional CPU Duration","prj_rwdkDiGpkJkhISrPQA5DcveawN09","smart-invoice-workflow",0.000004583333333333334,0.0000138889,"50 ms"
"2026-03-01T08:00:00.000Z","2026-03-01","Fluid Active CPU","prj_uCozI3c4jYwdJRjbEAfm6Az1sK3S","hypocrisynow",0.00032248888888888893,0.0025194444375512995,"9.07 seconds"
"2026-03-01T08:00:00.000Z","2026-03-01","Fluid Active CPU","prj_zQgUD5QXAc1OHpgyzyTlbqxvN1Ww","muffinpanrecipes",0.000058311111111111114,0.0004555555543091655,"1.64 seconds"
"2026-03-01T08:00:00.000Z","2026-03-01","Fluid Active CPU","prj_rwdkDiGpkJkhISrPQA5DcveawN09","smart-invoice-workflow",0.00013902222222222222,0.0010861111081395347,"3.91 seconds"
"2026-03-01T08:00:00.000Z","2026-03-01","Pro","","",0.7142857142857143,0,""
"2026-03-01T08:00:00.000Z","2026-03-01","Function Invocations","prj_uCozI3c4jYwdJRjbEAfm6Az1sK3S","hypocrisynow",0,23,"23 Invocations"
"2026-03-01T08:00:00.000Z","2026-03-01","Function Invocations","prj_zQgUD5QXAc1OHpgyzyTlbqxvN1Ww","muffinpanrecipes",0,43,"43 Invocations"
"2026-03-01T08:00:00.000Z","2026-03-01","Function Invocations","prj_rwdkDiGpkJkhISrPQA5DcveawN09","smart-invoice-workflow",0,41,"41 Invocations"
"2026-03-01T08:00:00.000Z","2026-03-01","Fast Origin Transfer","prj_uCozI3c4jYwdJRjbEAfm6Az1sK3S","hypocrisynow",0.00000674118,0.000099004,"99 kB"
"2026-03-01T08:00:00.000Z","2026-03-01","Fast Origin Transfer","prj_zQgUD5QXAc1OHpgyzyTlbqxvN1Ww","muffinpanrecipes",0.0000022196999999999997,0.000036994999999999994,"36.99 kB"
"2026-03-01T08:00:00.000Z","2026-03-01","Fast Origin Transfer","prj_rwdkDiGpkJkhISrPQA5DcveawN09","smart-invoice-workflow",0.00000190398,0.000031733,"31.73 kB"
"2026-03-01T08:00:00.000Z","2026-03-01","Build Minutes","prj_zQgUD5QXAc1OHpgyzyTlbqxvN1Ww","muffinpanrecipes",2.646,21,"21 minutes"
"2026-03-01T08:00:00.000Z","2026-03-01","Build Minutes","prj_rwdkDiGpkJkhISrPQA5DcveawN09","smart-invoice-workflow",0.378,3,"3 minutes"
"2026-03-01T08:00:00.000Z","2026-03-01","Edge Requests","prj_rwdkDiGpkJkhISrPQA5DcveawN09","smart-invoice-workflow",0,422.8355140186916,"422.84 Requests"
"2026-03-01T08:00:00.000Z","2026-03-01","Edge Requests","QmWZHdpQWCGv8mXgBXGjyjcLpx7cas5UX55fBZcMT3gX8j","eriksjaastad",0,838.9738317757009,"838.97 Requests"
"2026-03-01T08:00:00.000Z","2026-03-01","Edge Requests","prj_zQgUD5QXAc1OHpgyzyTlbqxvN1Ww","muffinpanrecipes",0,795.2056074766356,"795.21 Requests"
"2026-03-01T08:00:00.000Z","2026-03-01","Edge Requests","prj_uCozI3c4jYwdJRjbEAfm6Az1sK3S","hypocrisynow",0,179.98504672897195,"179.99 Requests"
"2026-03-02T08:00:00.000Z","2026-03-02","Speed Insights Data Points","prj_zQgUD5QXAc1OHpgyzyTlbqxvN1Ww","muffinpanrecipes",0,45,"45 Data Points"
"2026-03-02T08:00:00.000Z","2026-03-02","Fluid Provisioned Memory","prj_zQgUD5QXAc1OHpgyzyTlbqxvN1Ww","muffinpanrecipes",0.000007139783111111111,0.0006735644444444444,"0 GB Hrs"
"2026-03-02T08:00:00.000Z","2026-03-02","Fluid Provisioned Memory","prj_uCozI3c4jYwdJRjbEAfm6Az1sK3S","hypocrisynow",0.00023151832177777776,0.021841351111111112,"0.02 GB Hrs"
"2026-03-02T08:00:00.000Z","2026-03-02","Fluid Provisioned Memory","prj_rwdkDiGpkJkhISrPQA5DcveawN09","smart-invoice-workflow",9.527751111111111e-7,0.00008988444444444445,"0 GB Hrs"
"2026-03-02T08:00:00.000Z","2026-03-02","Fast Data Transfer","prj_rwdkDiGpkJkhISrPQA5DcveawN09","smart-invoice-workflow",0,0.0029551044523286802,"2.96 MB"
"2026-03-02T08:00:00.000Z","2026-03-02","Fast Data Transfer","prj_zQgUD5QXAc1OHpgyzyTlbqxvN1Ww","muffinpanrecipes",0,0.008129401673245176,"8.13 MB"
"2026-03-02T08:00:00.000Z","2026-03-02","Fast Data Transfer","QmWZHdpQWCGv8mXgBXGjyjcLpx7cas5UX55fBZcMT3gX8j","eriksjaastad",0,0.0013926142961207973,"1.39 MB"
"2026-03-02T08:00:00.000Z","2026-03-02","Fast Data Transfer","prj_uCozI3c4jYwdJRjbEAfm6Az1sK3S","hypocrisynow",0,0.0012135695783053477,"1.21 MB"
"2026-03-02T08:00:00.000Z","2026-03-02","Edge Requests - Additional CPU Duration","prj_zQgUD5QXAc1OHpgyzyTlbqxvN1Ww","muffinpanrecipes",0.0000052500000000000006,0.0000138889,"50 ms"
"2026-03-02T08:00:00.000Z","2026-03-02","Edge Requests - Additional CPU Duration","QmWZHdpQWCGv8mXgBXGjyjcLpx7cas5UX55fBZcMT3gX8j","eriksjaastad",8.33333333333334e-7,0.0000027778,"10 ms"
"2026-03-02T08:00:00.000Z","2026-03-02","Edge Requests - Additional CPU Duration","prj_uCozI3c4jYwdJRjbEAfm6Az1sK3S","hypocrisynow",0.000001083333333333333,0.0000027778,"10 ms"
"2026-03-02T08:00:00.000Z","2026-03-02","Edge Requests - Additional CPU Duration","prj_rwdkDiGpkJkhISrPQA5DcveawN09","smart-invoice-workflow",0.000001833333333333334,0.0000055556,"20 ms"
"2026-03-02T08:00:00.000Z","2026-03-02","Fluid Active CPU","prj_uCozI3c4jYwdJRjbEAfm6Az1sK3S","hypocrisynow",0.0005329777777777779,0.004163888847014456,"14.99 seconds"
"2026-03-02T08:00:00.000Z","2026-03-02","Fluid Active CPU","prj_zQgUD5QXAc1OHpgyzyTlbqxvN1Ww","muffinpanrecipes",0.00002915555555555556,0.000227777775487115,"820 ms"
"2026-03-02T08:00:00.000Z","2026-03-02","Fluid Active CPU","prj_rwdkDiGpkJkhISrPQA5DcveawN09","smart-invoice-workflow",0.0000035555555555555563,0.00002777777749842866,"100 ms"
"2026-03-02T08:00:00.000Z","2026-03-02","Pro","","",0.7142857142857143,0,""
"2026-03-02T08:00:00.000Z","2026-03-02","Function Invocations","prj_uCozI3c4jYwdJRjbEAfm6Az1sK3S","hypocrisynow",0,30,"30 Invocations"
"2026-03-02T08:00:00.000Z","2026-03-02","Function Invocations","prj_zQgUD5QXAc1OHpgyzyTlbqxvN1Ww","muffinpanrecipes",0,33,"33 Invocations"
"2026-03-02T08:00:00.000Z","2026-03-02","Function Invocations","prj_rwdkDiGpkJkhISrPQA5DcveawN09","smart-invoice-workflow",0,1,"1 Invocation"
"2026-03-02T08:00:00.000Z","2026-03-02","Fast Origin Transfer","prj_uCozI3c4jYwdJRjbEAfm6Az1sK3S","hypocrisynow",0.000009022379999999999,0.00014220100000000003,"142.2 kB"
"2026-03-02T08:00:00.000Z","2026-03-02","Fast Origin Transfer","prj_zQgUD5QXAc1OHpgyzyTlbqxvN1Ww","muffinpanrecipes",0.000011855039999999999,0.000197584,"197.58 kB"
"2026-03-02T08:00:00.000Z","2026-03-02","Fast Origin Transfer","prj_rwdkDiGpkJkhISrPQA5DcveawN09","smart-invoice-workflow",2.9579999999999994e-8,4.93e-7,"493 B"
"2026-03-02T08:00:00.000Z","2026-03-02","Build Minutes","prj_zQgUD5QXAc1OHpgyzyTlbqxvN1Ww","muffinpanrecipes",1.638,13,"13 minutes"
"2026-03-02T08:00:00.000Z","2026-03-02","Edge Requests","prj_rwdkDiGpkJkhISrPQA5DcveawN09","smart-invoice-workflow",0,344.98753894080994,"344.99 Requests"
"2026-03-02T08:00:00.000Z","2026-03-02","Edge Requests","QmWZHdpQWCGv8mXgBXGjyjcLpx7cas5UX55fBZcMT3gX8j","eriksjaastad",0,776.6597147073292,"776.66 Requests"
"2026-03-02T08:00:00.000Z","2026-03-02","Edge Requests","prj_zQgUD5QXAc1OHpgyzyTlbqxvN1Ww","muffinpanrecipes",0,515.6860468929333,"515.69 Requests"
"2026-03-02T08:00:00.000Z","2026-03-02","Edge Requests","prj_uCozI3c4jYwdJRjbEAfm6Az1sK3S","hypocrisynow",0,260.6666994589277,"260.67 Requests"
"2026-03-03T08:00:00.000Z","2026-03-03","Fluid Provisioned Memory","prj_zQgUD5QXAc1OHpgyzyTlbqxvN1Ww","muffinpanrecipes",8.985031111111111e-7,0.00008476444417972497,"0 GB Hrs"
"2026-03-03T08:00:00.000Z","2026-03-03","Fluid Provisioned Memory","prj_uCozI3c4jYwdJRjbEAfm6Az1sK3S","hypocrisynow",0.00014893442844444445,0.014050417733898306,"0.01 GB Hrs"
"2026-03-03T08:00:00.000Z","2026-03-03","Fluid Provisioned Memory","prj_rwdkDiGpkJkhISrPQA5DcveawN09","smart-invoice-workflow",0.0000010191075555555557,0.00009614222192196994,"0 GB Hrs"
"2026-03-03T08:00:00.000Z","2026-03-03","Fast Data Transfer","prj_rwdkDiGpkJkhISrPQA5DcveawN09","smart-invoice-workflow",0,0.0029757905196313404,"2.98 MB"
"2026-03-03T08:00:00.000Z","2026-03-03","Fast Data Transfer","prj_zQgUD5QXAc1OHpgyzyTlbqxvN1Ww","muffinpanrecipes",0,0.0024881493051165837,"2.49 MB"
"2026-03-03T08:00:00.000Z","2026-03-03","Fast Data Transfer","QmWZHdpQWCGv8mXgBXGjyjcLpx7cas5UX55fBZcMT3gX8j","eriksjaastad",0,0.0008130582766506993,"813.06 kB"
"2026-03-03T08:00:00.000Z","2026-03-03","Fast Data Transfer","prj_uCozI3c4jYwdJRjbEAfm6Az1sK3S","hypocrisynow",0,0.0006202498986013764,"620.25 kB"
"2026-03-03T08:00:00.000Z","2026-03-03","Edge Requests - Additional CPU Duration","QmWZHdpQWCGv8mXgBXGjyjcLpx7cas5UX55fBZcMT3gX8j","eriksjaastad",0.000002333333333333334,0.0000055556,"20 ms"
"2026-03-03T08:00:00.000Z","2026-03-03","Edge Requests - Additional CPU Duration","prj_rwdkDiGpkJkhISrPQA5DcveawN09","smart-invoice-workflow",9.16666666666666e-7,0.0000027778,"10 ms"
"2026-03-03T08:00:00.000Z","2026-03-03","Fluid Active CPU","prj_uCozI3c4jYwdJRjbEAfm6Az1sK3S","hypocrisynow",0.00035591111111111113,0.0027805555446620963,"10.01 seconds"
"2026-03-03T08:00:00.000Z","2026-03-03","Fluid Active CPU","prj_zQgUD5QXAc1OHpgyzyTlbqxvN1Ww","muffinpanrecipes",0.000003555555555555556,0.000027777777668952013,"100 ms"
"2026-03-03T08:00:00.000Z","2026-03-03","Fluid Active CPU","prj_rwdkDiGpkJkhISrPQA5DcveawN09","smart-invoice-workflow",0.000003555555555555556,0.000027777777668952013,"100 ms"
"2026-03-03T08:00:00.000Z","2026-03-03","Pro","","",0.7142857142857143,0,""
"2026-03-03T08:00:00.000Z","2026-03-03","Function Invocations","prj_uCozI3c4jYwdJRjbEAfm6Az1sK3S","hypocrisynow",0,20,"20 Invocations"
"2026-03-03T08:00:00.000Z","2026-03-03","Function Invocations","prj_zQgUD5QXAc1OHpgyzyTlbqxvN1Ww","muffinpanrecipes",0,1,"1 Invocation"
"2026-03-03T08:00:00.000Z","2026-03-03","Function Invocations","prj_rwdkDiGpkJkhISrPQA5DcveawN09","smart-invoice-workflow",0,1,"1 Invocation"
"2026-03-03T08:00:00.000Z","2026-03-03","Fast Origin Transfer","prj_uCozI3c4jYwdJRjbEAfm6Az1sK3S","hypocrisynow",0.000006058920000000002,0.000092866,"92.87 kB"
"2026-03-03T08:00:00.000Z","2026-03-03","Fast Origin Transfer","prj_zQgUD5QXAc1OHpgyzyTlbqxvN1Ww","muffinpanrecipes",6.252e-8,0.0000010420000000000001,"1.04 kB"
"2026-03-03T08:00:00.000Z","2026-03-03","Fast Origin Transfer","prj_rwdkDiGpkJkhISrPQA5DcveawN09","smart-invoice-workflow",2.9579999999999998e-8,4.93e-7,"493 B"
"2026-03-03T08:00:00.000Z","2026-03-03","Build Minutes","prj_zQgUD5QXAc1OHpgyzyTlbqxvN1Ww","muffinpanrecipes",0.378,3,"3 minutes"
"2026-03-03T08:00:00.000Z","2026-03-03","Edge Requests","prj_rwdkDiGpkJkhISrPQA5DcveawN09","smart-invoice-workflow",0,342.72666105971405,"342.73 Requests"
"2026-03-03T08:00:00.000Z","2026-03-03","Edge Requests","QmWZHdpQWCGv8mXgBXGjyjcLpx7cas5UX55fBZcMT3gX8j","eriksjaastad",0,399.9957947855341,"400 Requests"
"2026-03-03T08:00:00.000Z","2026-03-03","Edge Requests","prj_zQgUD5QXAc1OHpgyzyTlbqxvN1Ww","muffinpanrecipes",0,253.16610597140453,"253.17 Requests"
"2026-03-03T08:00:00.000Z","2026-03-03","Edge Requests","prj_uCozI3c4jYwdJRjbEAfm6Az1sK3S","hypocrisynow",0,93.11143818334735,"93.11 Requests"
"2026-03-04T08:00:00.000Z","2026-03-04","Speed Insights Data Points","prj_zQgUD5QXAc1OHpgyzyTlbqxvN1Ww","muffinpanrecipes",0,1,"1 Data Point"
"2026-03-04T08:00:00.000Z","2026-03-04","Fluid Provisioned Memory","prj_zQgUD5QXAc1OHpgyzyTlbqxvN1Ww","muffinpanrecipes",0.000002707569777777778,0.00025543111126778256,"0 GB Hrs"
"2026-03-04T08:00:00.000Z","2026-03-04","Fluid Provisioned Memory","prj_uCozI3c4jYwdJRjbEAfm6Az1sK3S","hypocrisynow",0.00018866153244444448,0.01779825778869453,"0.02 GB Hrs"
"2026-03-04T08:00:00.000Z","2026-03-04","Fluid Provisioned Memory","prj_rwdkDiGpkJkhISrPQA5DcveawN09","smart-invoice-workflow",6.512640000000001e-7,0.00006144000003768488,"0 GB Hrs"
"2026-03-04T08:00:00.000Z","2026-03-04","Fast Data Transfer","prj_rwdkDiGpkJkhISrPQA5DcveawN09","smart-invoice-workflow",0,0.0023684879999999998,"2.37 MB"
"2026-03-04T08:00:00.000Z","2026-03-04","Fast Data Transfer","prj_zQgUD5QXAc1OHpgyzyTlbqxvN1Ww","muffinpanrecipes",0,0.0016149269999999997,"1.61 MB"
"2026-03-04T08:00:00.000Z","2026-03-04","Fast Data Transfer","QmWZHdpQWCGv8mXgBXGjyjcLpx7cas5UX55fBZcMT3gX8j","eriksjaastad",0,0.0010859620000000002,"1.09 MB"
"2026-03-04T08:00:00.000Z","2026-03-04","Fast Data Transfer","prj_uCozI3c4jYwdJRjbEAfm6Az1sK3S","hypocrisynow",0,0.00035473400000000005,"354.73 kB"
"2026-03-04T08:00:00.000Z","2026-03-04","Edge Requests - Additional CPU Duration","QmWZHdpQWCGv8mXgBXGjyjcLpx7cas5UX55fBZcMT3gX8j","eriksjaastad",0.000001333333333333333,0.0000027778,"10 ms"
"2026-03-04T08:00:00.000Z","2026-03-04","Fluid Active CPU","prj_uCozI3c4jYwdJRjbEAfm6Az1sK3S","hypocrisynow",0.0004448,0.0034750000434375,"12.51 seconds"
"2026-03-04T08:00:00.000Z","2026-03-04","Fluid Active CPU","prj_zQgUD5QXAc1OHpgyzyTlbqxvN1Ww","muffinpanrecipes",0.000008177777777777779,0.00006388888968749999,"230 ms"
"2026-03-04T08:00:00.000Z","2026-03-04","Fluid Active CPU","prj_rwdkDiGpkJkhISrPQA5DcveawN09","smart-invoice-workflow",0.0000021333333333333334,0.000016666666874999998,"60 ms"
"2026-03-04T08:00:00.000Z","2026-03-04","Pro","","",0.7142857142857143,0,""
"2026-03-04T08:00:00.000Z","2026-03-04","Function Invocations","prj_uCozI3c4jYwdJRjbEAfm6Az1sK3S","hypocrisynow",0,24,"24 Invocations"
"2026-03-04T08:00:00.000Z","2026-03-04","Function Invocations","prj_zQgUD5QXAc1OHpgyzyTlbqxvN1Ww","muffinpanrecipes",0,5,"5 Invocations"
"2026-03-04T08:00:00.000Z","2026-03-04","Function Invocations","prj_rwdkDiGpkJkhISrPQA5DcveawN09","smart-invoice-workflow",0,1,"1 Invocation"
"2026-03-04T08:00:00.000Z","2026-03-04","Fast Origin Transfer","prj_uCozI3c4jYwdJRjbEAfm6Az1sK3S","hypocrisynow",0.0000066582,0.00010446400000000001,"104.46 kB"
"2026-03-04T08:00:00.000Z","2026-03-04","Fast Origin Transfer","prj_zQgUD5QXAc1OHpgyzyTlbqxvN1Ww","muffinpanrecipes",3.7382e-7,0.000004343,"4.34 kB"
"2026-03-04T08:00:00.000Z","2026-03-04","Fast Origin Transfer","prj_rwdkDiGpkJkhISrPQA5DcveawN09","smart-invoice-workflow",2.9580000000000004e-8,4.930000000000001e-7,"493 B"
"2026-03-04T08:00:00.000Z","2026-03-04","Build Minutes","prj_zQgUD5QXAc1OHpgyzyTlbqxvN1Ww","muffinpanrecipes",0.126,1,"1 minute"
"2026-03-04T08:00:00.000Z","2026-03-04","Edge Requests","prj_rwdkDiGpkJkhISrPQA5DcveawN09","smart-invoice-workflow",0,282,"282 Requests"
"2026-03-04T08:00:00.000Z","2026-03-04","Edge Requests","QmWZHdpQWCGv8mXgBXGjyjcLpx7cas5UX55fBZcMT3gX8j","eriksjaastad",0,468,"468 Requests"
"2026-03-04T08:00:00.000Z","2026-03-04","Edge Requests","prj_zQgUD5QXAc1OHpgyzyTlbqxvN1Ww","muffinpanrecipes",0,153,"153 Requests"
"2026-03-04T08:00:00.000Z","2026-03-04","Edge Requests","prj_uCozI3c4jYwdJRjbEAfm6Az1sK3S","hypocrisynow",0,74,"74 Requests"
"2026-03-05T08:00:00.000Z","2026-03-05","Fluid Provisioned Memory","prj_zQgUD5QXAc1OHpgyzyTlbqxvN1Ww","muffinpanrecipes",4.6432711111111117e-7,0.00004380444447286256,"0 GB Hrs"
"2026-03-05T08:00:00.000Z","2026-03-05","Fluid Provisioned Memory","prj_uCozI3c4jYwdJRjbEAfm6Az1sK3S","hypocrisynow",0.0001800986168888889,0.01699043556657809,"0.02 GB Hrs"
"2026-03-05T08:00:00.000Z","2026-03-05","Fluid Provisioned Memory","prj_rwdkDiGpkJkhISrPQA5DcveawN09","smart-invoice-workflow",9.829262222222223e-7,0.00009272888894904671,"0 GB Hrs"
"2026-03-05T08:00:00.000Z","2026-03-05","Fast Data Transfer","prj_rwdkDiGpkJkhISrPQA5DcveawN09","smart-invoice-workflow",0,0.001581742,"1.58 MB"
"2026-03-05T08:00:00.000Z","2026-03-05","Fast Data Transfer","prj_zQgUD5QXAc1OHpgyzyTlbqxvN1Ww","muffinpanrecipes",0,0.0016198089999999998,"1.62 MB"
"2026-03-05T08:00:00.000Z","2026-03-05","Fast Data Transfer","QmWZHdpQWCGv8mXgBXGjyjcLpx7cas5UX55fBZcMT3gX8j","eriksjaastad",0,0.000777108,"777.11 kB"
"2026-03-05T08:00:00.000Z","2026-03-05","Fast Data Transfer","prj_uCozI3c4jYwdJRjbEAfm6Az1sK3S","hypocrisynow",0,0.000573968,"573.97 kB"
"2026-03-05T08:00:00.000Z","2026-03-05","Edge Requests - Additional CPU Duration","prj_zQgUD5QXAc1OHpgyzyTlbqxvN1Ww","muffinpanrecipes",0.0000041666666666666686,0.0000111112,"40 ms"
"2026-03-05T08:00:00.000Z","2026-03-05","Edge Requests - Additional CPU Duration","QmWZHdpQWCGv8mXgBXGjyjcLpx7cas5UX55fBZcMT3gX8j","eriksjaastad",0.000001083333333333333,0.0000027778,"10 ms"
"2026-03-05T08:00:00.000Z","2026-03-05","Edge Requests - Additional CPU Duration","prj_uCozI3c4jYwdJRjbEAfm6Az1sK3S","hypocrisynow",0.000004250000000000001,0.000013888899999999998,"50 ms"
"2026-03-05T08:00:00.000Z","2026-03-05","Fluid Active CPU","prj_uCozI3c4jYwdJRjbEAfm6Az1sK3S","hypocrisynow",0.0004430222222222223,0.003461111133068993,"12.46 seconds"
"2026-03-05T08:00:00.000Z","2026-03-05","Fluid Active CPU","prj_zQgUD5QXAc1OHpgyzyTlbqxvN1Ww","muffinpanrecipes",0.0000014222222222222223,0.000011111111181601903,"40 ms"
"2026-03-05T08:00:00.000Z","2026-03-05","Fluid Active CPU","prj_rwdkDiGpkJkhISrPQA5DcveawN09","smart-invoice-workflow",0.000003911111111111112,0.00003055555574940524,"110 ms"
"2026-03-05T08:00:00.000Z","2026-03-05","Pro","","",0.7142857142857143,0,""
"2026-03-05T08:00:00.000Z","2026-03-05","Function Invocations","prj_uCozI3c4jYwdJRjbEAfm6Az1sK3S","hypocrisynow",0,24,"24 Invocations"
"2026-03-05T08:00:00.000Z","2026-03-05","Function Invocations","prj_zQgUD5QXAc1OHpgyzyTlbqxvN1Ww","muffinpanrecipes",0,1,"1 Invocation"
"2026-03-05T08:00:00.000Z","2026-03-05","Function Invocations","prj_rwdkDiGpkJkhISrPQA5DcveawN09","smart-invoice-workflow",0,1,"1 Invocation"
"2026-03-05T08:00:00.000Z","2026-03-05","Fast Origin Transfer","prj_uCozI3c4jYwdJRjbEAfm6Az1sK3S","hypocrisynow",0.0000071613599999999995,0.00011285,"112.85 kB"
"2026-03-05T08:00:00.000Z","2026-03-05","Fast Origin Transfer","prj_zQgUD5QXAc1OHpgyzyTlbqxvN1Ww","muffinpanrecipes",6.251999999999999e-8,0.000001042,"1.04 kB"
"2026-03-05T08:00:00.000Z","2026-03-05","Fast Origin Transfer","prj_rwdkDiGpkJkhISrPQA5DcveawN09","smart-invoice-workflow",2.958e-8,4.93e-7,"493 B"
"2026-03-05T08:00:00.000Z","2026-03-05","Build Minutes","prj_zQgUD5QXAc1OHpgyzyTlbqxvN1Ww","muffinpanrecipes",0.756,6,"6 minutes"
"2026-03-05T08:00:00.000Z","2026-03-05","Edge Requests","prj_rwdkDiGpkJkhISrPQA5DcveawN09","smart-invoice-workflow",0,54,"54 Requests"
"2026-03-05T08:00:00.000Z","2026-03-05","Edge Requests","QmWZHdpQWCGv8mXgBXGjyjcLpx7cas5UX55fBZcMT3gX8j","eriksjaastad",0,389,"389 Requests"
"2026-03-05T08:00:00.000Z","2026-03-05","Edge Requests","prj_zQgUD5QXAc1OHpgyzyTlbqxvN1Ww","muffinpanrecipes",0,181,"181 Requests"
"2026-03-05T08:00:00.000Z","2026-03-05","Edge Requests","prj_uCozI3c4jYwdJRjbEAfm6Az1sK3S","hypocrisynow",0,165,"165 Requests"
"2026-03-06T08:00:00.000Z","2026-03-06","Speed Insights Data Points","prj_zQgUD5QXAc1OHpgyzyTlbqxvN1Ww","muffinpanrecipes",0,76,"76 Data Points"
"2026-03-06T08:00:00.000Z","2026-03-06","Fluid Provisioned Memory","prj_zQgUD5QXAc1OHpgyzyTlbqxvN1Ww","muffinpanrecipes",0.002713750755555555,0.2560142222639921,"0.26 GB Hrs"
"2026-03-06T08:00:00.000Z","2026-03-06","Fluid Provisioned Memory","prj_uCozI3c4jYwdJRjbEAfm6Az1sK3S","hypocrisynow",0.00017309752888888886,0.016329955558219863,"0.02 GB Hrs"
"2026-03-06T08:00:00.000Z","2026-03-06","Fluid Provisioned Memory","prj_rwdkDiGpkJkhISrPQA5DcveawN09","smart-invoice-workflow",6.633244444444444e-7,0.00006257777778798764,"0 GB Hrs"
"2026-03-06T08:00:00.000Z","2026-03-06","Fast Data Transfer","prj_rwdkDiGpkJkhISrPQA5DcveawN09","smart-invoice-workflow",0,0.00035176700000000006,"351.77 kB"
"2026-03-06T08:00:00.000Z","2026-03-06","Fast Data Transfer","prj_zQgUD5QXAc1OHpgyzyTlbqxvN1Ww","muffinpanrecipes",0,0.006543396913789339,"6.54 MB"
"2026-03-06T08:00:00.000Z","2026-03-06","Fast Data Transfer","QmWZHdpQWCGv8mXgBXGjyjcLpx7cas5UX55fBZcMT3gX8j","eriksjaastad",0,0.0009295635960118152,"929.56 kB"
"2026-03-06T08:00:00.000Z","2026-03-06","Fast Data Transfer","prj_uCozI3c4jYwdJRjbEAfm6Az1sK3S","hypocrisynow",0,0.0002774824901988457,"277.48 kB"
"2026-03-06T08:00:00.000Z","2026-03-06","Blob Data Transfer","","",0.0000206697,0.000413394,"413.39 kB"
"2026-03-06T08:00:00.000Z","2026-03-06","Edge Requests - Additional CPU Duration","prj_zQgUD5QXAc1OHpgyzyTlbqxvN1Ww","muffinpanrecipes",0.000009666666666666667,0.000027777866666666667,"100 ms"
"2026-03-06T08:00:00.000Z","2026-03-06","Edge Requests - Additional CPU Duration","QmWZHdpQWCGv8mXgBXGjyjcLpx7cas5UX55fBZcMT3gX8j","eriksjaastad",0.00000425,0.000011111133333333333,"40 ms"
"2026-03-06T08:00:00.000Z","2026-03-06","Blob Storage Size","","",0.0006190411961914893,0.0269148346,"26.91 MB"
"2026-03-06T08:00:00.000Z","2026-03-06","Fluid Active CPU","prj_uCozI3c4jYwdJRjbEAfm6Az1sK3S","hypocrisynow",0.0004352,0.0033999999874538746,"12.24 seconds"
"2026-03-06T08:00:00.000Z","2026-03-06","Fluid Active CPU","prj_zQgUD5QXAc1OHpgyzyTlbqxvN1Ww","muffinpanrecipes",0.0007182222222222223,0.005611111090405904,"20.2 seconds"
"2026-03-06T08:00:00.000Z","2026-03-06","Fluid Active CPU","prj_rwdkDiGpkJkhISrPQA5DcveawN09","smart-invoice-workflow",0.0000028444444444444446,0.000022222222140221404,"80 ms"
"2026-03-06T08:00:00.000Z","2026-03-06","Pro","","",0.7142857142857143,0,""
"2026-03-06T08:00:00.000Z","2026-03-06","Function Invocations","prj_uCozI3c4jYwdJRjbEAfm6Az1sK3S","hypocrisynow",0,23,"23 Invocations"
"2026-03-06T08:00:00.000Z","2026-03-06","Function Invocations","prj_zQgUD5QXAc1OHpgyzyTlbqxvN1Ww","muffinpanrecipes",0,70,"70 Invocations"
"2026-03-06T08:00:00.000Z","2026-03-06","Function Invocations","prj_rwdkDiGpkJkhISrPQA5DcveawN09","smart-invoice-workflow",0,1,"1 Invocation"
"2026-03-06T08:00:00.000Z","2026-03-06","Fast Origin Transfer","","",0.0000383835,0.0006397250000000001,"639.73 kB"
"2026-03-06T08:00:00.000Z","2026-03-06","Fast Origin Transfer","prj_uCozI3c4jYwdJRjbEAfm6Az1sK3S","hypocrisynow",0.000007099820000000001,0.00011007600000000001,"110.08 kB"
"2026-03-06T08:00:00.000Z","2026-03-06","Fast Origin Transfer","prj_zQgUD5QXAc1OHpgyzyTlbqxvN1Ww","muffinpanrecipes",0.000003969719999999999,0.000066162,"66.16 kB"
"2026-03-06T08:00:00.000Z","2026-03-06","Fast Origin Transfer","prj_rwdkDiGpkJkhISrPQA5DcveawN09","smart-invoice-workflow",2.958e-8,4.930000000000001e-7,"493 B"
"2026-03-06T08:00:00.000Z","2026-03-06","Blob Simple Operations","","",0.0000188,47,"47 Operations"
"2026-03-06T08:00:00.000Z","2026-03-06","Blob Advanced Operations","","",0.00138,276,"276 Operations"
"2026-03-06T08:00:00.000Z","2026-03-06","Build Minutes","prj_zQgUD5QXAc1OHpgyzyTlbqxvN1Ww","muffinpanrecipes",1.638,13,"13 minutes"
"2026-03-06T08:00:00.000Z","2026-03-06","Edge Requests","prj_rwdkDiGpkJkhISrPQA5DcveawN09","smart-invoice-workflow",0,32,"32 Requests"
"2026-03-06T08:00:00.000Z","2026-03-06","Edge Requests","QmWZHdpQWCGv8mXgBXGjyjcLpx7cas5UX55fBZcMT3gX8j","eriksjaastad",0,523.9435897435898,"523.94 Requests"
"2026-03-06T08:00:00.000Z","2026-03-06","Edge Requests","prj_zQgUD5QXAc1OHpgyzyTlbqxvN1Ww","muffinpanrecipes",0,536.3333333333334,"536.33 Requests"
"2026-03-06T08:00:00.000Z","2026-03-06","Edge Requests","prj_uCozI3c4jYwdJRjbEAfm6Az1sK3S","hypocrisynow",0,34.97948717948718,"34.98 Requests"
"2026-03-06T08:00:00.000Z","2026-03-06","Edge Requests","","",0,95.74358974358974,"95.74 Requests"
"2026-03-07T08:00:00.000Z","2026-03-07","Speed Insights Data Points","prj_zQgUD5QXAc1OHpgyzyTlbqxvN1Ww","muffinpanrecipes",0,35,"35 Data Points"
"2026-03-07T08:00:00.000Z","2026-03-07","Fluid Provisioned Memory","prj_zQgUD5QXAc1OHpgyzyTlbqxvN1Ww","muffinpanrecipes",0.0037582998186666667,0.35455658667747225,"0.35 GB Hrs"
"2026-03-07T08:00:00.000Z","2026-03-07","Fluid Provisioned Memory","prj_uCozI3c4jYwdJRjbEAfm6Az1sK3S","hypocrisynow",0.00010566155377777779,0.009968071111414902,"0.01 GB Hrs"
"2026-03-07T08:00:00.000Z","2026-03-07","Fluid Provisioned Memory","prj_rwdkDiGpkJkhISrPQA5DcveawN09","smart-invoice-workflow",5.909617777777778e-7,0.000055751111112810205,"0 GB Hrs"
"2026-03-07T08:00:00.000Z","2026-03-07","Fast Data Transfer","prj_rwdkDiGpkJkhISrPQA5DcveawN09","smart-invoice-workflow",0,0.00015983742203083204,"159.84 kB"
"2026-03-07T08:00:00.000Z","2026-03-07","Fast Data Transfer","prj_zQgUD5QXAc1OHpgyzyTlbqxvN1Ww","muffinpanrecipes",0,0.011129758916351462,"11.13 MB"
"2026-03-07T08:00:00.000Z","2026-03-07","Fast Data Transfer","QmWZHdpQWCGv8mXgBXGjyjcLpx7cas5UX55fBZcMT3gX8j","eriksjaastad",0,0.0007406566616177048,"740.66 kB"
"2026-03-07T08:00:00.000Z","2026-03-07","Fast Data Transfer","prj_uCozI3c4jYwdJRjbEAfm6Az1sK3S","hypocrisynow",0,0.00010937100000000001,"109.37 kB"
"2026-03-07T08:00:00.000Z","2026-03-07","Blob Data Transfer","","",0.0020276627,0.040553254,"40.55 MB"
"2026-03-07T08:00:00.000Z","2026-03-07","Edge Requests - Additional CPU Duration","prj_zQgUD5QXAc1OHpgyzyTlbqxvN1Ww","muffinpanrecipes",0.000011416666666666669,0.000030555599999999996,"110 ms"
"2026-03-07T08:00:00.000Z","2026-03-07","Blob Storage Size","","",0.00008901604037693173,0.0038702626,"3.87 MB"
"2026-03-07T08:00:00.000Z","2026-03-07","Fluid Active CPU","prj_uCozI3c4jYwdJRjbEAfm6Az1sK3S","hypocrisynow",0.00025528888888888887,0.0019944444377347913,"7.18 seconds"
"2026-03-07T08:00:00.000Z","2026-03-07","Fluid Active CPU","prj_zQgUD5QXAc1OHpgyzyTlbqxvN1Ww","muffinpanrecipes",0.0010115555555555555,0.007902777751191479,"28.45 seconds"
"2026-03-07T08:00:00.000Z","2026-03-07","Fluid Active CPU","prj_rwdkDiGpkJkhISrPQA5DcveawN09","smart-invoice-workflow",0.0000014222222222222221,0.000011111111073731427,"40 ms"
"2026-03-07T08:00:00.000Z","2026-03-07","Pro","","",0.7142857142857143,0,""
"2026-03-07T08:00:00.000Z","2026-03-07","Function Invocations","prj_uCozI3c4jYwdJRjbEAfm6Az1sK3S","hypocrisynow",0,15,"15 Invocations"
"2026-03-07T08:00:00.000Z","2026-03-07","Function Invocations","prj_zQgUD5QXAc1OHpgyzyTlbqxvN1Ww","muffinpanrecipes",0,58,"58 Invocations"
"2026-03-07T08:00:00.000Z","2026-03-07","Function Invocations","prj_rwdkDiGpkJkhISrPQA5DcveawN09","smart-invoice-workflow",0,1,"1 Invocation"
"2026-03-07T08:00:00.000Z","2026-03-07","Fast Origin Transfer","","",0.0016961239200000001,0.028268732,"28.27 MB"
"2026-03-07T08:00:00.000Z","2026-03-07","Fast Origin Transfer","prj_uCozI3c4jYwdJRjbEAfm6Az1sK3S","hypocrisynow",0.000004880580000000001,0.00007295700000000001,"72.96 kB"
"2026-03-07T08:00:00.000Z","2026-03-07","Fast Origin Transfer","prj_zQgUD5QXAc1OHpgyzyTlbqxvN1Ww","muffinpanrecipes",0.00000464118,0.000063049,"63.05 kB"
"2026-03-07T08:00:00.000Z","2026-03-07","Fast Origin Transfer","prj_rwdkDiGpkJkhISrPQA5DcveawN09","smart-invoice-workflow",2.9579999999999998e-8,4.93e-7,"493 B"
"2026-03-07T08:00:00.000Z","2026-03-07","Blob Simple Operations","","",0.000006,15,"15 Operations"
"2026-03-07T08:00:00.000Z","2026-03-07","Blob Advanced Operations","","",0.00094,188,"188 Operations"
"2026-03-07T08:00:00.000Z","2026-03-07","Build Minutes","prj_zQgUD5QXAc1OHpgyzyTlbqxvN1Ww","muffinpanrecipes",2.016,16,"16 minutes"
"2026-03-07T08:00:00.000Z","2026-03-07","Edge Requests","prj_rwdkDiGpkJkhISrPQA5DcveawN09","smart-invoice-workflow",0,21.97938144329897,"21.98 Requests"
"2026-03-07T08:00:00.000Z","2026-03-07","Edge Requests","QmWZHdpQWCGv8mXgBXGjyjcLpx7cas5UX55fBZcMT3gX8j","eriksjaastad",0,506.9896907216495,"506.99 Requests"
"2026-03-07T08:00:00.000Z","2026-03-07","Edge Requests","prj_zQgUD5QXAc1OHpgyzyTlbqxvN1Ww","muffinpanrecipes",0,441.25773195876286,"441.26 Requests"
"2026-03-07T08:00:00.000Z","2026-03-07","Edge Requests","prj_uCozI3c4jYwdJRjbEAfm6Az1sK3S","hypocrisynow",0,22,"22 Requests"
"2026-03-07T08:00:00.000Z","2026-03-07","Edge Requests","","",0,27.773195876288657,"27.77 Requests"
"2026-03-08T08:00:00.000Z","2026-03-08","Pro","","",0.7142857142857143,0,""
"2026-03-09T07:00:00.000Z","2026-03-09","Pro","","",0.7142857142857143,0,""
"2026-03-10T07:00:00.000Z","2026-03-10","Pro","","",0.7142857142857143,0,""
"2026-03-11T07:00:00.000Z","2026-03-11","Pro","","",0.7142857142857143,0,""
"2026-03-12T07:00:00.000Z","2026-03-12","Pro","","",0.7142857142857143,0,""
"2026-03-13T07:00:00.000Z","2026-03-13","Pro","","",0.7142857142857143,0,""
"2026-03-14T07:00:00.000Z","2026-03-14","Pro","","",0.7142857142857143,0,""
"2026-03-15T07:00:00.000Z","2026-03-15","Pro","","",0.7142857142857143,0,""
"2026-03-16T07:00:00.000Z","2026-03-16","Pro","","",0.7142857142857143,0,""
"2026-03-17T07:00:00.000Z","2026-03-17","Pro","","",0.7142857142857143,0,""
"2026-03-18T07:00:00.000Z","2026-03-18","Pro","","",0.7142857142857143,0,""
"2026-03-19T07:00:00.000Z","2026-03-19","Pro","","",0.7142857142857143,0,""