exp_id	timestamp	concept	qa_score	judge_score	combined_score	verdict	change_summary	prompts_hash	highlights_preview
0000	2026-03-13T20:41:03.895926+00:00	Jalapeño Corn Dog Bites	90	n/a	90.0	BASELINE	no compression (baseline)	b3c9eb2b	(none)
0001	2026-03-13T20:41:20.133623+00:00	Jalapeño Corn Dog Bites	94	n/a	94.0	INITIAL	default compression template	b3c9eb2b	Monday: Margaret questioned whether jalapeño corn dog bites  | Tuesday: Margaret established a 60-40 cornmeal-to-flour rati | Wednesday: Julian presented three lighting takes of the jala
0002	2026-03-13T20:41:49.651015+00:00	Jalapeño Corn Dog Bites	93	n/a	93.0	DISCARD	    "- Preserve any direct quotes or memorable phrasings\n"	99f61b1b	Monday: Margaret questioned whether jalapeño corn dog bites  | Tuesday: Margaret established a 60-40 cornmeal-to-flour rati | Wednesday: Julian presented three lighting takes of the jala
0003	2026-03-13T20:42:17.504859+00:00	Jalapeño Corn Dog Bites	95	n/a	95.0	KEEP	    "but let the week's history shape how characters speak and react."	0c6d8110	Monday: Margaret questioned whether jalapeño corn dog bites  | Tuesday: Margaret established a 60-40 cornmeal-to-flour mini | Wednesday: Julian presented three lighting approaches for th
0004	2026-03-13T20:42:43.437246+00:00	Jalapeño Corn Dog Bites	93	n/a	93.0	DISCARD	    "that could come to a head today, and any specific details (names, quantities, "	46709eac	Monday: Margaret questioned whether jalapeño corn dog bites  | Tuesday: Margaret established a 60-40 cornmeal-to-flour rati | Wednesday: Julian presented three lighting approaches for th
0005	2026-03-13T20:43:14.524758+00:00	Jalapeño Corn Dog Bites	95	n/a	95.0	DISCARD	        if has_tension and not summary.startswith("[OPEN]"):	dd57611d	Monday: [OPEN] Margaret questioned whether jalapeño corn dog | Tuesday: Margaret established a 60-40 cornmeal-to-flour rati | Wednesday: Julian presented three lighting approaches for th
0006	2026-03-13T20:43:45.863668+00:00	Jalapeño Corn Dog Bites	94	n/a	94.0	DISCARD	    "- If someone used a memorable phrase or strong opinion, quote it briefly\n"	32c57581	Monday: Margaret questioned whether jalapeño corn dog bites  | Tuesday: Margaret established a 60-40 cornmeal-to-flour rati | Wednesday: Julian presented three lighting approaches for th
0000	2026-03-13T20:47:01.677260+00:00	Jalapeño Corn Dog Bites	96	6	81.6	BASELINE	no compression (baseline)	0c6d8110	(none)
0001	2026-03-13T20:47:31.579604+00:00	Jalapeño Corn Dog Bites	79	5	67.4	INITIAL	default compression template	0c6d8110	Monday: Margaret questioned whether jalapeño corn dog bites  | Tuesday: Margaret established a 60-40 cornmeal-to-flour rati | Wednesday: Julian presented three lighting takes of the jala
0002	2026-03-13T20:48:27.697632+00:00	Jalapeño Corn Dog Bites	93	6	79.8	KEEP	    "when it feels organic - for example, revisiting an unresolved disagreement, "	2afb9fb9	Monday: Margaret questioned whether jalapeño corn dog bites  | Tuesday: Margaret established a 60-40 cornmeal-to-flour mini | Wednesday: Julian presented three lighting approaches for th
0003	2026-03-13T20:50:25.962060+00:00	Jalapeño Corn Dog Bites	93	5	75.8	DISCARD	    "- If a disagreement was NOT resolved, end with 'Still open: [the question]'\n"	1c118609	Monday: Margaret questioned whether jalapeño corn dog bites  | Tuesday: Margaret established the cornmeal-to-flour ratio mu | Wednesday: Julian presented three lighting approaches for th
0004	2026-03-13T20:51:16.599649+00:00	Jalapeño Corn Dog Bites	95	7	85.0	KEEP	    "- If a disagreement was NOT resolved, end the summary with 'Still open: [the question]'\n"	20346433	Monday: Margaret questioned whether jalapeño corn dog bites  | Tuesday: Margaret established a 60-40 cornmeal-to-flour rati | Wednesday: Julian presented three lighting approaches for th
0005	2026-03-13T20:51:50.667304+00:00	Jalapeño Corn Dog Bites	92	n/a	92.0	KEEP	    "Do NOT invent details that aren't in the summaries above.\n\n"	15459ce4	Monday: Margaret questioned whether jalapeño corn dog bites  | Tuesday: Margaret established a 60-40 cornmeal-to-flour rati | Wednesday: Julian presented three lighting approaches for th
0006	2026-03-13T20:52:53.252818+00:00	Jalapeño Corn Dog Bites	95	7	85.0	DISCARD	    "should be revisited or settled in Sunday's conversation."	edce5f63	Monday: Margaret questioned whether jalapeño corn dog bites  | Tuesday: Margaret established a 60-40 cornmeal-to-flour rati | Wednesday: Julian presented three lighting approaches for th
0007	2026-03-13T20:53:46.784664+00:00	Jalapeño Corn Dog Bites	87	3	64.2	DISCARD	    highlights_text = "\n\n".join(sections) if sections else "\n".join(f"- {h}" for h in highlights)	6d2e1be2	Monday: Margaret questioned whether jalapeño corn dog bites  | Tuesday: Margaret established a 60-40 cornmeal-to-flour rati | Wednesday: Julian presented three lighting approaches for th
0008	2026-03-13T20:54:30.825488+00:00	Jalapeño Corn Dog Bites	95	6	81.0	DISCARD	    "'Remember when Julian pushed back on the lighting Wednesday?' "	6193058a	Monday: Margaret questioned whether jalapeño corn dog bites  | Tuesday: Margaret established a 60-40 cornmeal-to-flour rati | Wednesday: Julian presented three lighting approaches for th
0009	2026-03-13T20:55:45.087494+00:00	Jalapeño Corn Dog Bites	95	5	77.0	DISCARD	    "These callbacks should feel natural, not forced. "	6900f575	Monday: Margaret questioned whether jalapeño corn dog bites  | Tuesday: Margaret established a 60-40 cornmeal-to-flour mini | Wednesday: Julian presented three lighting approaches for th
0010	2026-03-13T20:56:58.676826+00:00	Jalapeño Corn Dog Bites	95	4	73.0	DISCARD	    "temperature": 0.2,	7434c8f8	Monday: Margaret questioned whether jalapeño corn dog bites  | Tuesday: Margaret established a 60-40 cornmeal-to-flour rati | Wednesday: Julian presented three lighting approaches for th
0011	2026-03-13T20:57:46.080200+00:00	Jalapeño Corn Dog Bites	89	6	77.4	DISCARD	    "These callbacks must feel like natural conversation, not forced recaps. "	476f20d8	Monday: Margaret questioned whether jalapeño corn dog bites  | Tuesday: Margaret established a 60-40 cornmeal-to-flour mini | Wednesday: Julian presented three lighting approaches for th
0012	2026-03-13T21:00:08.761260+00:00	Jalapeño Corn Dog Bites	95	6	81.0	DISCARD	    "when it feels organic - revisiting an unresolved disagreement, "	7db9ccad	Monday: Margaret questioned whether jalapeño corn dog bites  | Tuesday: Margaret established a 60-40 cornmeal-to-flour rati | Wednesday: Julian presented three lighting approaches for th
0013	2026-03-13T21:01:34.407968+00:00	Jalapeño Corn Dog Bites	95	6	81.0	DISCARD	    "These callbacks must arise naturally within the flow of dialogue, not as forced recaps. "	1898120e	Monday: Margaret questioned whether jalapeño corn dog bites  | Tuesday: Margaret established a 60-40 cornmeal-to-flour rati | Wednesday: Julian presented three lighting approaches for th
0014	2026-03-13T21:02:56.589494+00:00	Jalapeño Corn Dog Bites	85	6	75.0	DISCARD	    if recent:	a68f0aee	Monday: Monday: Margaret questioned whether jalapeño corn do | Tuesday: Tuesday: Margaret established the cornmeal-to-flour | Wednesday: Wednesday: Julian presented three lighting approa
0015	2026-03-13T21:04:46.912108+00:00	Jalapeño Corn Dog Bites	88	4	68.8	DISCARD	            early_text + "\nMost relevant to today:\n" + recent_text	f9688cf9	Monday: Margaret questioned whether jalapeño corn dog bites  | Tuesday: Margaret established the cornmeal-to-flour ratio mu | Wednesday: Julian presented three lighting approaches for th
0016	2026-03-13T21:06:01.340183+00:00	Jalapeño Corn Dog Bites	93	7	83.8	DISCARD	    "Let them reference specific people and details from earlier days when it fits naturally - "	adbc35e4	Monday: Margaret questioned whether jalapeño corn dog bites  | Tuesday: Margaret established a 60-40 cornmeal-to-flour mini | Wednesday: Julian presented three lighting approaches for th
0017	2026-03-13T21:08:14.759595+00:00	Jalapeño Corn Dog Bites	90	6	78.0	DISCARD	    if recent:	b8e7880d	Monday: Margaret questioned whether jalapeño corn dog bites  | Tuesday: Margaret established a 60-40 cornmeal-to-flour mini | Wednesday: Julian presented three lighting approaches for th
0018	2026-03-13T21:09:56.857018+00:00	Jalapeño Corn Dog Bites	94	5	76.4	DISCARD	    if recent:	8c0d1674	Monday: Margaret questioned whether jalapeño corn dog bites  | Tuesday: Margaret established a 60-40 cornmeal-to-flour rati | Wednesday: Julian presented three lighting approaches for th
0019	2026-03-13T21:11:00.021883+00:00	Jalapeño Corn Dog Bites	87	3	64.2	DISCARD	    "CONTEXT FROM EARLIER THIS WEEK:\n"	cee8b4f2	Monday: Margaret questioned whether jalapeño corn dog bites  | Tuesday: Margaret established a 60-40 cornmeal-to-flour mini | Wednesday: Julian presented three lighting approaches for th
0020	2026-03-13T21:11:52.957339+00:00	Jalapeño Corn Dog Bites	91	7	82.6	DISCARD	    "Let this history shape Sunday's conversation naturally. "	e63137d7	Monday: Margaret questioned whether jalapeño corn dog bites  | Tuesday: Margaret established a 60-40 cornmeal-to-flour mini | Wednesday: Julian presented three lighting approaches for th
0021	2026-03-13T21:12:53.779950+00:00	Jalapeño Corn Dog Bites	80	5	68.0	DISCARD	    "Sunday's conversation should feel like a natural continuation of this week. "	48098ca9	Monday: Margaret questioned whether jalapeño corn dog bites  | Tuesday: Margaret established a 60-40 cornmeal-to-flour rati | Wednesday: Julian presented three lighting takes for the jal
0000	2026-03-13T21:37:26.631395+00:00	Jalapeño Corn Dog Bites	93	7	83.8	BASELINE	no compression (baseline)	0c6d8110	(none)
0001	2026-03-13T21:38:36.244103+00:00	Jalapeño Corn Dog Bites	96	6	81.6	INITIAL	default compression template	0c6d8110	Monday: Margaret questioned whether jalapeño corn dog bites  | Tuesday: Margaret established a 60-40 cornmeal-to-flour mini | Wednesday: Julian presented three lighting approaches for th
0002	2026-03-13T21:39:36.205192+00:00	Jalapeño Corn Dog Bites	94	7	84.4	KEEP	        formatted_lines.append(f"- {h}")	f1a19081	Monday: Margaret questioned whether jalapeño corn dog bites  | Tuesday: Margaret established a 60-40 cornmeal-to-flour rati | Wednesday: Julian presented three lighting approaches for th
0003	2026-03-13T21:40:41.737712+00:00	Jalapeño Corn Dog Bites	97	6	82.2	DISCARD	    "Look for any disagreements or open questions in the history above and have characters address them naturally in Sunday's dialogue."	3aae4c19	Monday: Margaret questioned whether jalapeño corn dog bites  | Tuesday: Margaret established the cornmeal-to-flour ratio mu | Wednesday: Julian presented three lighting approaches for th
0004	2026-03-13T21:42:13.313575+00:00	Jalapeño Corn Dog Bites	96	6	81.6	DISCARD	    late_lines = []	f1d9ef91	Monday: Margaret questioned whether jalapeño corn dog bites  | Tuesday: Margaret established a 60-40 cornmeal-to-flour rati | Wednesday: Julian presented three lighting approaches for th
0005	2026-03-13T21:43:31.228709+00:00	Jalapeño Corn Dog Bites	90	n/a	90.0	KEEP	                # Keep it brief - first sentence only	e04b1795	Monday: Margaret questioned whether jalapeño corn dog bites  | Tuesday: Margaret established a 60-40 cornmeal-to-flour rati | Wednesday: Julian presented three lighting approaches for th
0006	2026-03-13T21:44:13.050608+00:00	Jalapeño Corn Dog Bites	87	n/a	87.0	DISCARD	                if still_open_idx != -1:	fd5caf12	Monday: Margaret questioned whether jalapeño corn dog bites  | Tuesday: Margaret established the cornmeal-to-flour ratio mu | Wednesday: Julian presented three lighting approaches for th
0007	2026-03-13T21:44:53.629984+00:00	Jalapeño Corn Dog Bites	96	n/a	96.0	KEEP	    elif recent_anchor:	23fd8829	Monday: Margaret questioned whether jalapeño corn dog bites  | Tuesday: Margaret established a 60-40 cornmeal-to-flour rati | Wednesday: Julian presented three lighting approaches for th
0008	2026-03-13T21:45:59.162637+00:00	Jalapeño Corn Dog Bites	95	6	81.0	DISCARD	        # Split into sentences	dcdf44a1	Monday: Margaret questioned whether jalapeño corn dog bites  | Tuesday: Margaret established a 60-40 cornmeal-to-flour mini | Wednesday: Julian presented three lighting takes of the jala
0009	2026-03-13T21:47:08.590589+00:00	Jalapeño Corn Dog Bites	93	6	79.8	DISCARD	        # Match "FirstName verb phrase" at start of sentence	8a5812e6	Monday: Margaret questioned whether jalapeño corn dog bites  | Tuesday: Margaret established a 60-40 cornmeal-to-flour rati | Wednesday: Julian presented three lighting approaches for th
0010	2026-03-13T21:49:20.493419+00:00	Jalapeño Corn Dog Bites	88	6	76.8	DISCARD	        char_lines = []	a5ba91b0	Monday: Margaret questioned whether jalapeño corn dog bites  | Tuesday: Margaret established a 60-40 cornmeal-to-flour mini | Wednesday: Julian presented three lighting approaches for th
0011	2026-03-13T21:50:57.982171+00:00	Jalapeño Corn Dog Bites	92	4	71.2	DISCARD	                if word and word[0].isupper() and i > 0 and words[i-1].endswith("."):	0e5a7084	Monday: Margaret questioned whether jalapeño corn dog bites  | Tuesday: Margaret established a 60-40 cornmeal-to-flour mini | Wednesday: Julian presented three lighting takes of the jala
0012	2026-03-13T21:52:05.195129+00:00	Jalapeño Corn Dog Bites	96	6	81.6	DISCARD	                    f"- {day_second}: {detail_second}\n"	229ab683	Monday: Margaret questioned whether jalapeño corn dog bites  | Tuesday: Margaret established a 60-40 cornmeal-to-flour mini | Wednesday: Julian presented three lighting approaches for th
0013	2026-03-13T21:53:17.628297+00:00	Jalapeño Corn Dog Bites	95	5	77.0	DISCARD	        open_threads_text = (	0eb45427	Monday: Margaret questioned whether jalapeño corn dog bites  | Tuesday: Margaret established a 60-40 cornmeal-to-flour rati | Wednesday: Julian presented three lighting takes of the jala
0014	2026-03-13T21:56:11.617699+00:00	Jalapeño Corn Dog Bites	90	7	82.0	DISCARD	    elif highlights:	dfef1116	Monday: Margaret questioned whether jalapeño corn dog bites  | Tuesday: Margaret established a 60-40 cornmeal-to-flour mini | Wednesday: Julian presented three lighting approaches for th
0015	2026-03-13T21:57:29.802731+00:00	Jalapeño Corn Dog Bites	95	5	77.0	DISCARD	        result = result + char_summary	db61d3a4	Monday: Margaret questioned whether jalapeño corn dog bites  | Tuesday: Margaret established a 60-40 cornmeal-to-flour rati | Wednesday: Julian presented three lighting approaches for th
0016	2026-03-13T21:58:48.692191+00:00	Jalapeño Corn Dog Bites	91	6	78.6	DISCARD	                second_anchor = f"- Before that ({day_label}): {first_sentence}"	93615880	Monday: Margaret questioned whether jalapeño corn dog bites  | Tuesday: Margaret established a 60-40 cornmeal-to-flour rati | Wednesday: Julian presented three lighting approaches for th
0017	2026-03-13T22:00:03.218528+00:00	Jalapeño Corn Dog Bites	92	6	79.2	DISCARD	    # Append character callback cues if we found any	2511c49c	Monday: Margaret questioned whether jalapeño corn dog bites  | Tuesday: Margaret established the cornmeal-to-flour ratio mu | Wednesday: Julian presented three lighting approaches for th
0018	2026-03-13T22:01:12.837811+00:00	Jalapeño Corn Dog Bites	82	5	69.2	DISCARD	        parts = first_highlight.split(":", 1)	0c603e18	Monday: Margaret questioned whether jalapeño corn dog bites  | Tuesday: Margaret established a 60-40 cornmeal-to-flour rati | Wednesday: Julian presented three lighting approaches for th
0019	2026-03-13T22:02:39.189513+00:00	Jalapeño Corn Dog Bites	78	6	70.8	DISCARD	    # to help Sunday feel like a genuine continuation	d2607355	Monday: Margaret questioned whether jalapeño corn dog bites  | Tuesday: Margaret established a 60-40 cornmeal-to-flour mini | Wednesday: Julian presented three lighting takes of the jala
0020	2026-03-13T22:03:45.809155+00:00	Jalapeño Corn Dog Bites	89	4	69.4	DISCARD	            # Use the full last highlight as the anchor (not just first sentence)	a27d4af8	Monday: Margaret questioned whether jalapeño corn dog bites  | Tuesday: Margaret established a 60-40 cornmeal-to-flour rati | Wednesday: Julian presented three lighting approaches for th
0021	2026-03-13T22:05:00.493463+00:00	Jalapeño Corn Dog Bites	96	6	81.6	DISCARD	        open_threads_text = (	2fe54ffa	Monday: Margaret questioned whether jalapeño corn dog bites  | Tuesday: Margaret established a 60-40 cornmeal-to-flour rati | Wednesday: Julian presented three lighting approaches for th
0000	2026-03-14T02:27:07.548189+00:00	Jalapeño Corn Dog Bites	94	6	80.4	BASELINE	no compression (baseline)	23fd8829	(none)
0001	2026-03-14T02:27:55.362617+00:00	Jalapeño Corn Dog Bites	84	4	66.4	INITIAL	default compression template	23fd8829	Monday: Margaret questioned whether jalapeño corn dog bites  | Tuesday: Margaret established a 60-40 cornmeal-to-flour mini | Wednesday: Julian presented three lighting takes of the jala
0002	2026-03-14T02:29:18.712615+00:00	Jalapeño Corn Dog Bites	88	6	76.8	KEEP	    for i, h in enumerate(highlights, 1):	a7988013	Monday: Margaret questioned whether jalapeño corn dog bites  | Tuesday: Margaret established a 60-40 cornmeal-to-flour rati | Wednesday: Julian presented three lighting approaches for th
0003	2026-03-14T02:31:14.355284+00:00	Jalapeño Corn Dog Bites	97	6	82.2	KEEP	    # Extract open threads: look for "Still open:" markers first (from template),	f700285e	Monday: Margaret questioned whether jalapeño corn dog bites  | Tuesday: Margaret established the cornmeal-to-flour ratio mu | Wednesday: Julian presented three lighting approaches for th
0004	2026-03-14T02:32:50.831300+00:00	Jalapeño Corn Dog Bites	95	5	77.0	DISCARD	        for name, contribs in character_contributions.items():	d4b89115	Monday: Margaret questioned whether jalapeño corn dog bites  | Tuesday: Margaret established a 60-40 cornmeal-to-flour rati | Wednesday: Julian presented three lighting approaches for th
0005	2026-03-14T02:34:08.525519+00:00	Jalapeño Corn Dog Bites	87	n/a	87.0	KEEP	        if refs:	16f4453c	Monday: Margaret questioned whether jalapeño corn dog bites  | Tuesday: Margaret established the cornmeal-to-flour ratio mu | Wednesday: Julian presented three lighting approaches for th
0006	2026-03-14T02:35:10.180965+00:00	Jalapeño Corn Dog Bites	90	6	78.0	DISCARD	            key_quotes_lines.append(f"- {day_label}: \"{quoted[0]}\"")	542500ea	Monday: Margaret questioned whether jalapeño corn dog bites  | Tuesday: Margaret established a 60-40 cornmeal-to-flour mini | Wednesday: Julian presented three lighting approaches for th
0007	2026-03-14T02:36:07.321624+00:00	Jalapeño Corn Dog Bites	95	6	81.0	DISCARD	no visible change	f700285e	Monday: Margaret questioned whether jalapeño corn dog bites  | Tuesday: Margaret established that the cornmeal-to-flour rat | Wednesday: Julian presented three lighting approaches for th
0008	2026-03-14T02:37:14.378923+00:00	Jalapeño Corn Dog Bites	88	5	72.8	DISCARD	        "\nSUNDAY CALLBACK GUIDE: When characters speak Sunday, have them naturally "	9ca58f5c	Monday: Margaret questioned whether jalapeño corn dog bites  | Tuesday: Margaret established the cornmeal-to-flour ratio mu | Wednesday: Julian presented three lighting approaches for th
0009	2026-03-14T02:38:13.580764+00:00	Jalapeño Corn Dog Bites	95	6	81.0	DISCARD	no visible change	f700285e	Monday: Margaret questioned whether jalapeño corn dog bites  | Tuesday: Margaret established the cornmeal-to-flour ratio mu | Wednesday: Julian presented three lighting approaches for th
0010	2026-03-14T02:39:16.349598+00:00	Jalapeño Corn Dog Bites	96	6	81.6	DISCARD	    specific_details = []	42d31081	Monday: Margaret questioned whether jalapeño corn dog bites  | Tuesday: Margaret established a 60-40 cornmeal-to-flour rati | Wednesday: Julian presented three lighting approaches for th
0011	2026-03-14T02:40:19.059566+00:00	Jalapeño Corn Dog Bites	91	7	82.6	DISCARD	    # Build a "specific details to reference" section from the most concrete	b2f92075	Monday: Margaret questioned whether jalapeño corn dog bites  | Tuesday: Margaret established a 60-40 cornmeal-to-flour mini | Wednesday: Julian presented three lighting approaches for th
0012	2026-03-14T02:41:18.599084+00:00	Jalapeño Corn Dog Bites	87	6	76.2	DISCARD	                    sent = sent.strip()	d5b0e459	Monday: Margaret questioned whether jalapeño corn dog bites  | Tuesday: Margaret established a 60-40 cornmeal-to-flour mini | Wednesday: Julian presented three lighting approaches for th
0013	2026-03-14T02:42:39.396294+00:00	Jalapeño Corn Dog Bites	90	6	78.0	DISCARD	                    sent_clean = sent.replace("||", "").strip()	9702f36b	Monday: Margaret questioned whether jalapeño corn dog bites  | Tuesday: Margaret established a 60-40 cornmeal-to-flour rati | Wednesday: Julian presented three lighting approaches for th
0014	2026-03-14T02:43:36.988751+00:00	Jalapeño Corn Dog Bites	95	6	81.0	DISCARD	no visible change	f700285e	Monday: Margaret questioned whether jalapeño corn dog bites  | Tuesday: Margaret established the cornmeal-to-flour ratio at | Wednesday: Julian presented three lighting approaches for th
0015	2026-03-14T02:44:39.202164+00:00	Jalapeño Corn Dog Bites	87	5	72.2	DISCARD	    char_index_lines = [	2fdca51c	Monday: Margaret questioned whether jalapeño corn dog bites  | Tuesday: Margaret established a 60-40 cornmeal-to-flour mini | Wednesday: Julian presented three lighting approaches for th
0016	2026-03-14T02:45:46.788771+00:00	Jalapeño Corn Dog Bites	96	7	85.6	DISCARD	no visible change	f700285e	Monday: Margaret questioned whether jalapeño corn dog bites  | Tuesday: Margaret established a 60-40 cornmeal-to-flour rati | Wednesday: Julian presented three lighting approaches for th
0017	2026-03-14T02:46:50.498466+00:00	Jalapeño Corn Dog Bites	93	6	79.8	DISCARD	    character_positions: dict[str, str] = {}	87e7e23a	Monday: Margaret questioned whether jalapeño corn dog bites  | Tuesday: Margaret established the cornmeal-to-flour ratio mu | Wednesday: Julian presented three lighting approaches for th
0018	2026-03-14T02:47:50.418485+00:00	Jalapeño Corn Dog Bites	94	6	80.4	DISCARD	    "CONVERSATION HISTORY (Monday through Saturday):\n"	8b22f8d8	Monday: Margaret questioned whether jalapeño corn dog bites  | Tuesday: Margaret established the cornmeal-to-flour ratio mu | Wednesday: Julian presented three lighting approaches for th
0019	2026-03-14T02:48:50.799903+00:00	Jalapeño Corn Dog Bites	86	5	71.6	DISCARD	    "CONVERSATION HISTORY (Monday through Saturday):\n"	4e673a5f	Monday: Margaret questioned whether jalapeño corn dog bites  | Tuesday: Margaret established a 60-40 cornmeal-to-flour rati | Wednesday: Julian presented three lighting approaches for th
0020	2026-03-14T02:49:53.596615+00:00	Jalapeño Corn Dog Bites	92	4	71.2	DISCARD	        for sent in sentences:	9e149907	Monday: Margaret questioned whether jalapeño corn dog bites  | Tuesday: Margaret established a 60-40 cornmeal-to-flour mini | Wednesday: Julian presented three lighting approaches for th
0021	2026-03-14T02:50:53.187915+00:00	Jalapeño Corn Dog Bites	95	6	81.0	DISCARD	            recent_anchor = f"- Most recently ({day_label}): {detail}"	2a3bbda3	Monday: Margaret questioned whether jalapeño corn dog bites  | Tuesday: Margaret established a 60-40 cornmeal-to-flour rati | Wednesday: Julian presented three lighting approaches for th
0000	2026-03-14T03:09:56.191076+00:00	Jalapeño Corn Dog Bites	87	6	76.2	BASELINE	no compression (baseline)	52aa910d	(none)
0001	2026-03-14T03:10:25.555850+00:00	Jalapeño Corn Dog Bites	95	6	81.0	INITIAL	default compression template	52aa910d	Week summary (Monday through Saturday): Margaret questioned 
0002	2026-03-14T03:11:41.055470+00:00	Jalapeño Corn Dog Bites	92	6	79.2	DISCARD	    "This is the full week of conversations leading to today. "	e4dfb611	Week summary (Monday through Saturday): Margaret challenged 
0000	2026-03-14T03:20:21.781884+00:00	Mini Shepherd's Pies	94	3	68.4	BASELINE	no compression (baseline)	f700285e	(none)
0001	2026-03-14T03:20:45.985116+00:00	Mini Shepherd's Pies	92	4	71.2	INITIAL	default compression template	f700285e	Monday: Margaret proposed making proper mini shepherd's pies | Tuesday: Margaret, Marcus, and Stephanie are testing three p | Wednesday: Julian shot three lighting variations of the mini
0002	2026-03-14T03:21:46.524168+00:00	Mini Shepherd's Pies	88	3	64.8	DISCARD	        f"- Include WHO said or decided what (use first names)\n"	eafe2529	Monday: Margaret proposed making proper mini shepherd's pies | Tuesday: Margaret, Marcus, and Stephanie are testing three p | Wednesday: Julian shot three lighting variations of the mini
0000	2026-03-14T03:23:32.038515+00:00	Brown Butter Pecan Tassies	94	5	76.4	BASELINE	no compression (baseline)	f700285e	(none)
0001	2026-03-14T03:23:55.470893+00:00	Brown Butter Pecan Tassies	93	5	75.8	INITIAL	default compression template	f700285e	Monday: Margaret proposed brown butter pecan tassies as the  | Tuesday: Margaret's test batches for Brown Butter Pecan Tass | Wednesday: Julian shared three lighting tests for the brown 
0002	2026-03-14T03:24:51.810391+00:00	Brown Butter Pecan Tassies	96	5	77.6	KEEP	        # Fallback: use the last highlight as a "where we left off" anchor	c4712a00	Monday: Margaret proposed brown butter pecan tassies, emphas | Tuesday: Margaret will test three shell ratios by tomorrow f | Wednesday: Julian shared three lighting tests for the brown 
0000	2026-03-14T03:28:34.793981+00:00	Mini Shepherd's Pies	94	7	84.4	BASELINE	no compression (baseline)	f700285e	(none)
0001	2026-03-14T03:29:01.429265+00:00	Mini Shepherd's Pies	82	4	65.2	INITIAL	default compression template	f700285e	Monday: Margaret proposed making proper mini shepherd's pies | Tuesday: Margaret, Marcus, and Stephanie are testing three p | Wednesday: Julian shot three lighting variations of the mini
0002	2026-03-14T03:29:55.692794+00:00	Mini Shepherd's Pies	89	5	73.4	KEEP	    best_quote = None	4b5b2eb8	Monday: Margaret proposed mini shepherd's pies made with pro | Tuesday: Margaret is testing three potato-to-filling ratios  | Wednesday: Julian shot three lighting variations of the mini
0003	2026-03-14T03:31:09.646058+00:00	Mini Shepherd's Pies	84	3	62.4	DISCARD	        # Only include if they appear in multiple days (likely a real character)	859d296f	Monday: Margaret proposed mini shepherd's pies made with pro | Tuesday: Margaret is testing three potato-to-filling ratios  | Wednesday: Julian shot three lighting variations of the mini
0004	2026-03-14T03:32:04.031570+00:00	Mini Shepherd's Pies	86	4	67.6	DISCARD	                    character_mentions[name].append(sentence)	e54e40c0	Monday: Margaret proposed mini shepherd's pies made with pro | Tuesday: Margaret, Marcus, and Stephanie are testing three p | Wednesday: Julian shot three lighting variations of the mini
0005	2026-03-14T03:32:53.271882+00:00	Mini Shepherd's Pies	95	n/a	95.0	KEEP	            lines.append(earliest_anchor)	92d63f49	Monday: Margaret proposed making proper mini shepherd's pies | Tuesday: Margaret is testing three potato-to-filling ratios  | Wednesday: Julian shot three lighting variations of the mini
0006	2026-03-14T03:33:54.461036+00:00	Mini Shepherd's Pies	94	n/a	94.0	DISCARD	            candidate = words[0].rstrip(",")	f3ba55b5	Monday: Margaret proposed mini shepherd's pies made with pro | Tuesday: Margaret is testing three potato-to-filling ratios  | Wednesday: Julian shot three lighting variations of the mini
0007	2026-03-14T03:34:55.570589+00:00	Mini Shepherd's Pies	97	n/a	97.0	KEEP	        arc_lines = []	024393fc	Monday: Margaret proposed mini shepherd's pies made with pro | Tuesday: Margaret is testing three potato-to-filling ratios  | Wednesday: Julian shot three lighting variations of the mini
0008	2026-03-14T03:36:10.173356+00:00	Mini Shepherd's Pies	93	6	79.8	DISCARD	    recent_positions_lines = []	2d4500ca	Monday: Margaret proposed making proper mini shepherd's pies | Tuesday: Margaret is testing three potato-to-filling ratios  | Wednesday: Julian shot three lighting variations of the mini
0009	2026-03-14T03:37:26.461660+00:00	Mini Shepherd's Pies	83	5	69.8	DISCARD	    for name, mentions in list(recurring_characters.items())[:4]:  # cap at 4 characters	816869da	Monday: Margaret proposed making proper mini shepherd's pies | Tuesday: Margaret is testing three potato-to-filling ratios  | Wednesday: Julian shot three lighting variations of the mini
0010	2026-03-14T03:38:41.030741+00:00	Mini Shepherd's Pies	97	4	74.2	DISCARD	    for name, mentions in list(recurring_characters.items())[:4]:  # cap at 4 characters	6fbddedc	Monday: Margaret proposed making proper mini shepherd's pies | Tuesday: Margaret is testing three potato-to-filling ratios  | Wednesday: Julian shot three lighting variations of the mini
0011	2026-03-14T03:39:58.266033+00:00	Mini Shepherd's Pies	87	5	72.2	DISCARD	    character_positions: dict[str, list[str]] = {}	1d5411cc	Monday: Margaret proposed making proper mini shepherd's pies | Tuesday: Margaret is testing three potato-to-filling ratios  | Wednesday: Julian shot three lighting variations of the mini
0012	2026-03-14T03:41:12.985716+00:00	Mini Shepherd's Pies	60	3	48.0	DISCARD	                    if entry not in character_positions[candidate]:	9e39dd6e	Monday: Margaret proposed mini shepherd's pies made with pro | Tuesday: Margaret is testing three potato-to-filling ratios  | Wednesday: Julian shot three lighting variations of the mini
0013	2026-03-14T03:42:25.062330+00:00	Mini Shepherd's Pies	93	5	75.8	DISCARD	    return INJECTION_TEMPLATE.format(	31e9ea35	Monday: Margaret proposed mini shepherd's pies made with pro | Tuesday: Margaret is testing three potato-to-filling ratios  | Wednesday: Julian shot three lighting variations of the mini
0014	2026-03-14T03:43:31.712197+00:00	Mini Shepherd's Pies	93	3	67.8	DISCARD	    return INJECTION_TEMPLATE.format(	92d63f49	Monday: Margaret proposed making proper mini shepherd's pies | Tuesday: Margaret is testing three potato-to-filling ratios  | Wednesday: Julian shot three lighting variations of the mini
0015	2026-03-14T03:44:40.188016+00:00	Mini Shepherd's Pies	85	4	67.0	DISCARD	    # Assemble final injection - keep it clean without the character arc block	03512592	Monday: Margaret proposed mini shepherd's pies made with pro | Tuesday: Margaret is testing three potato-to-filling ratios  | Wednesday: Julian shot three lighting variations of the mini
0016	2026-03-14T03:45:48.000419+00:00	Mini Shepherd's Pies	94	5	76.4	DISCARD	    # This helps Sunday characters reference a turning point	10e46ecb	Monday: Margaret proposed making proper mini shepherd's pies | Tuesday: Margaret is testing three potato-to-filling ratios  | Wednesday: Julian shot three lighting variations of the mini
0017	2026-03-14T03:47:01.630816+00:00	Mini Shepherd's Pies	93	4	71.8	DISCARD	        "\n\nIMPORTANT: Sunday's dialogue must reference at least two specific details "	00d3636b	Monday: Margaret proposed mini shepherd's pies made with pro | Tuesday: Margaret is testing three potato-to-filling ratios  | Wednesday: Julian shot three lighting variations of the mini
0018	2026-03-14T03:48:03.303521+00:00	Mini Shepherd's Pies	86	4	67.6	DISCARD	        open_threads_text = recent_anchor + "\n- No major unresolved disagreements - Sunday can reflect on the full week's journey and finalize decisions."	52d9c485	Monday: Margaret proposed making proper mini shepherd's pies | Tuesday: Margaret, Marcus, and Stephanie are testing three p | Wednesday: Julian shot three lighting variations of the mini
0019	2026-03-14T03:49:06.896941+00:00	Mini Shepherd's Pies	85	4	67.0	DISCARD	    return INJECTION_TEMPLATE.format(	53ff5f34	Monday: Margaret proposed making proper mini shepherd's pies | Tuesday: Margaret is testing three potato-to-filling ratios  | Wednesday: Julian shot three lighting variations of the mini
0020	2026-03-14T03:50:17.603370+00:00	Mini Shepherd's Pies	93	7	83.8	DISCARD	        open_threads_text = (	2605f67a	Monday: Margaret proposed mini shepherd's pies made with pro | Tuesday: Margaret is testing three potato-to-filling ratios  | Wednesday: Julian shot three lighting variations of the mini
0021	2026-03-14T03:51:27.452302+00:00	Mini Shepherd's Pies	94	5	76.4	DISCARD	            for i, word in enumerate(words):	aee4b064	Monday: Margaret proposed making proper mini shepherd's pies | Tuesday: Margaret is testing three potato-to-filling ratios  | Wednesday: Julian shot three lighting variations of the mini
0000	2026-03-14T03:58:17.921637+00:00	Jalapeño Corn Dog Bites	93	5	75.8	BASELINE	no compression (baseline)	024393fc	(none)
0001	2026-03-14T03:58:58.854842+00:00	Jalapeño Corn Dog Bites	85	4	67.0	INITIAL	default compression template	024393fc	Monday: Margaret opened with "Jalapeño corn dog bites. We're | Tuesday: Margaret confirmed a 60-40 cornmeal-to-flour minimu | Wednesday: Julian presented three shots of the bite-through 
0002	2026-03-14T04:00:13.201922+00:00	Jalapeño Corn Dog Bites	94	6	80.4	KEEP	            recent_anchor + "\n"	2605f67a	Monday: Margaret opened with "Jalapeño corn dog bites. We're | Tuesday: Margaret confirmed the cornmeal-to-flour ratio at 6 | Wednesday: Julian presented three lighting options for the b
0000	2026-03-14T04:11:00.807775+00:00	Jalapeño Corn Dog Bites	92	2	63.2	BASELINE	no compression (baseline)	024393fc	(none)
0001	2026-03-14T04:11:37.793255+00:00	Jalapeño Corn Dog Bites	92	6	79.2	INITIAL	default compression template	024393fc	Monday: Margaret opened with "Jalapeño corn dog bites. We're | Tuesday: Margaret confirmed a 60-40 cornmeal-to-flour minimu | Wednesday: Julian presented three bite-through shots. Stepha
0002	2026-03-14T04:12:53.281790+00:00	Jalapeño Corn Dog Bites	88	4	68.8	DISCARD	            for j, word in enumerate(words):	3923007c	Monday: Margaret opened with "Jalapeño corn dog bites. We're | Tuesday: Margaret confirmed a 60-40 cornmeal-to-flour minimu | Wednesday: Julian presented three lighting options for the b
0003	2026-03-14T04:14:14.202938+00:00	Jalapeño Corn Dog Bites	69	6	65.4	DISCARD	        open_threads_text = (	c2e80e19	Monday: Margaret opened with "Jalapeño corn dog bites. We're | Tuesday: Margaret confirmed a 60-40 cornmeal-to-flour minimu | Wednesday: Julian presented three options for the bite-throu
0004	2026-03-14T04:15:29.953717+00:00	Jalapeño Corn Dog Bites	94	7	84.4	KEEP	        open_threads_text = (	d210f2e8	Monday: Margaret opened with "Jalapeño corn dog bites. We're | Tuesday: Margaret confirmed a 60-40 cornmeal-to-flour minimu | Wednesday: Julian presented three options for the bite-throu
0005	2026-03-14T04:16:39.354976+00:00	Jalapeño Corn Dog Bites	89	n/a	89.0	KEEP	                    character_positions[clean_word] = []	78e78ced	Monday: Margaret opened with "Jalapeño corn dog bites. We're | Tuesday: Margaret confirmed a 60-40 cornmeal-to-flour minimu | Wednesday: Julian presented three bite-through shots. Stepha
0006	2026-03-14T04:17:56.524863+00:00	Jalapeño Corn Dog Bites	95	n/a	95.0	KEEP	        for sentence in sentences:	2486b199	Monday: Margaret opened with "Jalapeño corn dog bites. We're | Tuesday: Margaret confirmed a 60-40 cornmeal-to-flour minimu | Wednesday: Julian presented three lighting options for the b
0007	2026-03-14T04:19:39.018105+00:00	Jalapeño Corn Dog Bites	87	6	76.2	DISCARD	        "instead", "rather", "opposed", "conflict", "tension",	1333d5c2	Monday: Margaret opened with "Jalapeño corn dog bites. We're | Tuesday: Margaret confirmed a 60-40 cornmeal-to-flour minimu | Wednesday: Julian presented three shots of the bite-through 
0008	2026-03-14T04:21:07.368966+00:00	Jalapeño Corn Dog Bites	95	6	81.0	DISCARD	        top_recurring = recurring[:3]	81ff480d	Monday: Margaret opened with "Jalapeño corn dog bites. We're | Tuesday: Margaret confirmed a 60-40 cornmeal-to-flour minimu | Wednesday: Julian presented three options for the bite-throu
0009	2026-03-14T04:22:39.340900+00:00	Jalapeño Corn Dog Bites	86	6	75.6	DISCARD	                if len(sentence.split()) >= 5:	376f4865	Monday: Margaret opened with "Jalapeño corn dog bites. We're | Tuesday: Margaret confirmed a 60-40 cornmeal-to-flour minimu | Wednesday: Julian presented three bite-through shots. Stepha
0010	2026-03-14T04:24:02.440411+00:00	Jalapeño Corn Dog Bites	95	5	77.0	DISCARD	            sentences = [s.strip() for s in detail.split(".") if s.strip()]	629b6b30	Monday: Margaret opened with "Jalapeño corn dog bites. We're | Tuesday: Margaret confirmed a 60-40 cornmeal-to-flour minimu | Wednesday: Julian presented three bite-through shots. Stepha
0011	2026-03-14T04:25:31.556532+00:00	Jalapeño Corn Dog Bites	95	5	77.0	DISCARD	            if any(marker in sentence_lower for marker in decision_markers):	aac70dd4	Monday: Margaret opened with "Jalapeño corn dog bites. We're | Tuesday: Margaret confirmed a 60-40 cornmeal-to-flour minimu | Wednesday: Julian presented three shots of the bite-through 
0012	2026-03-14T04:26:50.213691+00:00	Jalapeño Corn Dog Bites	92	5	75.2	DISCARD	                "Still", "The", "This", "That", "It", "We", "They", "He", "She",	bc9c63de	Monday: Margaret opened with "Jalapeño corn dog bites. We're | Tuesday: Margaret confirmed a 60-40 cornmeal-to-flour minimu | Wednesday: Julian presented three lighting options for the b
0013	2026-03-14T04:28:21.172329+00:00	Jalapeño Corn Dog Bites	89	6	77.4	DISCARD	                    "Key", "Also", "Both", "All", "Some", "More", "Less",	10ce801c	Monday: Margaret opened with "Jalapeño corn dog bites. We're | Tuesday: Margaret confirmed a 60-40 cornmeal-to-flour minimu | Wednesday: Julian presented three options for the bite-throu
0014	2026-03-14T04:29:51.103651+00:00	Jalapeño Corn Dog Bites	95	6	81.0	DISCARD	                sunday_agenda_items.append(f"- Resolve: {open_text}")	a9751da0	Monday: Margaret opened with "Jalapeño corn dog bites. We're | Tuesday: Margaret confirmed a 60-40 cornmeal-to-flour minimu | Wednesday: Julian presented three bite-through shots. Stepha
0015	2026-03-14T04:31:08.876676+00:00	Jalapeño Corn Dog Bites	93	7	83.8	DISCARD	                    "Key", "Also", "Both", "All", "Some", "More", "Less",	8c40349d	Monday: Margaret opened with "Jalapeño corn dog bites. We're | Tuesday: Margaret confirmed a 60-40 cornmeal-to-flour minimu | Wednesday: Julian presented three shots of the bite-through 
0016	2026-03-14T04:32:36.977240+00:00	Jalapeño Corn Dog Bites	95	5	77.0	DISCARD	            sunday_agenda_items.append(f"- Resolve: {open_text}")	76375c6a	Monday: Margaret opened with "Jalapeño corn dog bites. We're | Tuesday: Margaret confirmed a 60-40 cornmeal-to-flour minimu | Wednesday: Julian presented three options for the bite-throu
0017	2026-03-14T04:34:07.237463+00:00	Jalapeño Corn Dog Bites	91	5	74.6	DISCARD	    return base_injection + resolution_prompt	e4737eed	Monday: Margaret opened with "Jalapeño corn dog bites. We're | Tuesday: Margaret confirmed the cornmeal-to-flour ratio at 6 | Wednesday: Julian presented three options for the bite-throu
0018	2026-03-14T04:35:45.390566+00:00	Jalapeño Corn Dog Bites	91	4	70.6	DISCARD	                            "Still", "The", "This", "That", "It", "We", "They", "He", "She",	011e60ee	Monday: Margaret opened with "Jalapeño corn dog bites. We're | Tuesday: Margaret confirmed a 60-40 cornmeal-to-flour minimu | Wednesday: Julian presented three lighting options for the b
0019	2026-03-14T04:37:09.667662+00:00	Jalapeño Corn Dog Bites	86	6	75.6	DISCARD	        "I", "A", "An", "In", "On", "At", "By", "For", "With", "From",	15358a0e	Monday: Margaret opened with "Jalapeño corn dog bites. We're | Tuesday: Margaret confirmed a 60-40 cornmeal-to-flour minimu | Wednesday: Julian presented three bite-through shots. Stepha
0020	2026-03-14T04:38:27.574704+00:00	Jalapeño Corn Dog Bites	88	4	68.8	DISCARD	no visible change	eea49ee5	Monday: Margaret opened with "Jalapeño corn dog bites. We're | Tuesday: Margaret confirmed a 60-40 cornmeal-to-flour minimu | Wednesday: Julian presented three bite-through shots. Stepha
0021	2026-03-14T04:39:36.276847+00:00	Jalapeño Corn Dog Bites	95	7	85.0	DISCARD	        "still open", "unresolved", "disagree", "debate",	53b9db99	Monday: Margaret pushed the team to justify the technique, n | Tuesday: Margaret confirmed a 60-40 cornmeal-to-flour minimu | Wednesday: Julian presented three options for the bite-throu
0000	2026-03-14T04:44:31.838144+00:00	Jalapeño Corn Dog Bites	93	7	83.8	BASELINE	no compression (baseline)	1333d5c2	(none)
0001	2026-03-14T04:45:02.329580+00:00	Jalapeño Corn Dog Bites	81	6	72.6	INITIAL	default compression template	1333d5c2	Monday: Margaret opened with: "Jalapeño corn dog bites. We'r | Tuesday: **Jalapeño Corn Dog Bites - Tuesday Summary** |  | Marg | Wednesday: Julian presented three lighting approaches for th
0002	2026-03-14T04:46:24.275419+00:00	Jalapeño Corn Dog Bites	93	6	79.8	KEEP	    # The injection template + open threads + character positions is enough	6e196c7d	Monday: Margaret challenged the team on jalapeño corn dog bi | Tuesday: Margaret established the cornmeal-to-flour ratio at | Wednesday: Julian presented three lighting takes of the jala
